ItemLabels,1/1/2016,2/1/2016,3/1/2016,4/1/2016,5/1/2016,6/1/2016,7/1/2016,8/1/2016,9/1/2016,10/1/2016,11/1/2016,12/1/2016,1/1/2017,2/1/2017,3/1/2017,4/1/2017,5/1/2017,6/1/2017,7/1/2017,8/1/2017,9/1/2017,10/1/2017,11/1/2017,12/1/2017,1/1/2018,2/1/2018,3/1/2018,4/1/2018,5/1/2018,6/1/2018,7/1/2018,8/1/2018,9/1/2018,10/1/2018,11/1/2018,12/1/2018,1/1/2019,2/1/2019,3/1/2019,4/1/2019,5/1/2019,6/1/2019,7/1/2019,8/1/2019,9/1/2019,10/1/2019,11/1/2019,12/1/2019,1/1/2020,2/1/2020,3/1/2020,4/1/2020
AGRIC EGGS DOZEN BENUE,348.33,342.5,371.25,381.25,375.88,370.75,384,416.67,427.58,440.78,448,487.5,516.28,515,532.5,520,543,521.67,530.33,508.57,510,503.57,500.64,512.55,432.5,572,550.47,570,595,587.86,488.89,489.23,498,508.89,500,498.89,500.56,518.57,515.77,519.17,519.48,502.22,460,485.45,473.08,470.44,488,475.38,475.4,471.03,444.62,433.75
Agric eggs(medium size price of one)  BENUE,29.79,29.79,31.88,32.25,33.3,32.68,35.19,36.92,37.56,45.34,38.66,45.6,47.78,43.54,45,44.29,46.36,45,48.57,44.71,45,44.12,42.21,46.74,40,45.33,44.21,44.29,45,44.9,45.45,46.25,44.41,46.36,46.14,45.45,45,45.71,45.33,45.42,45.44,40,40,42.85,46.15,45.14,42,40,40.1,40,40,41.92
"Beans brown,sold loose   BENUE",260.11,267.02,263.35,264.74,329.68,325.54,306.3,284.85,298.73,376.63,369.42,338.27,347.44,340.68,344.6,351.37,350,350,366.39,417.22,426.65,398.78,396.04,387.31,427.44,413.5,383.89,351.37,396.65,411.81,412.18,417.73,436.5,395.27,369.37,376.18,354.74,380.22,380.42,350.19,344.8,353.78,345.89,305.48,329.78,333.77,337.92,330.43,314.19,301.43,285.79,291.49
Beans:white black eye. sold loose   BENUE,253.14,258.53,267.5,262.84,243.74,267.92,262.94,255.41,285.43,323.83,290.9,284.31,306.08,287.04,288.79,307.43,314.29,320.61,321.79,356.18,365.61,353.59,353.59,349.69,358.83,327.78,352.14,302.57,365.61,354.05,358.06,355.59,367.47,346.31,328.31,308.06,300.84,326.85,320.1,315.17,326.77,305.28,305.48,297.09,309.64,310.34,282.08,283.19,241.35,224.64,232.31,241.26
Beef Bone in   BENUE,950,802.19,813.87,997.44,946.51,1013.42,1044.88,1047.22,1165,1112.11,1046.9,1083.33,1026.02,1086.14,1125,1086.73,1113.43,1080.16,1266.4,1139.32,1140,1138.39,1023.61,1044.44,925.93,1031.82,1147.8,1048.8,1000,1068.31,1033.33,1150,1000,1076.53,985.38,1000,1091.41,1103.33,1107.62,1200.91,1235.29,1244.94,1243.33,1198,1170,1189.17,1094.63,1100.88,1097.92,1048.59,1096.4,1085.01
"Beef,boneless   BENUE",1079.17,1000,1087.72,1016.67,1137.57,1086.67,1055.47,1058.2,1210.24,1237.02,1060,1205.45,1381.02,1437.5,1425,1311.67,1325.98,1334.87,1370.77,1253.36,1278.48,1319.13,1240.47,1285.9,1361.9,1360.43,1321.74,1380,1281.82,1304.12,1328.57,1319.23,1260,1300,1280,1276.81,1286.62,1380,1400.74,1450.32,1452.57,1374.44,1381.48,1344.44,1302.6,1328.12,1332.65,1314.38,1318.08,1264.12,1240.41,1234.27
Bread sliced 500g   BENUE,215.83,253.33,243,293.75,267.86,265.63,310,224.44,274.82,313.3,290.28,287.92,307.11,351.43,325.56,300,343.75,380,363.33,318.75,313.33,322.73,315,311.43,310,315,320.45,308.33,300,295.24,305,313.64,318.75,305,322.22,305,320,324.29,314.29,325,325,325,357.14,335.71,330,310,350,330,331.18,326.92,322.22,316.25
Bread unsliced 500g  BENUE,228.57,291.67,248.47,287.5,258.89,265,300,285,269.44,257.57,301.25,315.05,265.71,272.22,257.5,259.73,280,275,290.77,314.29,300,304.17,273.08,273.53,281.82,302.73,309.09,292.73,299.09,288.93,290,283.33,300,290,300.25,290,285.71,287,279.09,264.29,265.47,255,250,268.18,304.29,348.75,378.57,360,360.21,313.64,294.44,307.14
Broken Rice (Ofada) BENUE,148.39,186.67,266.67,160,187.5,220,250,258.06,250,266.67,250,263.34,300,310.43,400,416.67,480,490,485,450.88,451.15,371.43,371.43,370,376.77,377.03,366.67,366.67,350,358.67,233.33,233.33,259.8,250.48,301.33,333.33,316.67,323.33,331.58,323.33,323.5,293.33,283.33,298.56,309.57,358.33,333.33,353.44,354.26,366.67,326.67,335.16
Catfish (obokun) fresh BENUE,776.79,780,783.22,780,776.79,780,778.57,776.79,780,783.22,778.57,773.92,865.88,776.79,780,783.22,786.43,745.2,741,739.02,730.89,750,775.8,773.43,800,850.12,866.67,858.33,885.33,973.46,1055.56,1083.33,1101.75,1071.43,1125,1050,1075,1175,1157.69,1217.97,1226.5,1195.33,1176.32,1136.06,1120.29,1176.32,1222.52,1250,1261.14,1198.05,1155.38,1106.32
Catfish :dried BENUE,1584.85,1591.88,1598.91,1605.94,1612.97,1620,1820.89,1866.67,1912.45,1578.99,1600,1621.01,1642.02,1663.04,1735.17,1755.22,1821.93,1720,1720.24,1659.88,1641.62,1661.96,1511.87,1489.7,1535.49,1552.11,1669.04,1569.19,1499.47,1519.4,1541.8,1413.07,1506.75,1546.3,1602.78,1541.8,1600.74,1705.38,1697.43,1701.78,1685.01,1598.86,1565.9,1540.7,1487.69,1504.04,1606.24,1555.98,1598.7,1547.73,1491.14,1423.72
Catfish Smoked BENUE,1666.67,1671.03,1675.39,1679.75,1684.11,1688.47,1692.83,1697.19,1701.55,1705.91,1710.27,1714.63,1718.99,1527.78,1620.1,1619.01,1617.92,1644.92,1650,1779.55,1759.97,1798.92,1863.65,1819.35,1625,1382.67,1201.09,1366.67,1372.22,1416.23,1436.36,1481.25,1466.67,1484.85,1509.09,1530.025,1542.86,1551.19,1548.81,1602.22,1573.49,1547.22,1496.33,1509.52,1482.95,1445.18,1367.67,1405.38,1459.4,1480.25,1509.12,1437.04
Chicken Feet BENUE,666.67,780,750,700.06,750,766.67,800,850,760.55,717.21,750.52,800.99,859.16,1100,850,800,1000,1000,990,975,975.59,980,986.5,975,975.65,976.43,850,825,908,950,1000,1000,1100,950.57,945.86,800,810.63,816.77,805.22,820.13,820.71,789.25,750,800,760,812.34,850,850,848.65,795,800,711.03
Chicken Wings BENUE,550,500,600,620.83,637.5,750,600,750,1000,707.56,800,825,889.4,1133.33,850,816.67,1000.15,1100,1104.17,1100,1100.66,1020.83,1058.45,1066.67,1100,1100.88,1120,987.5,1100,1100,1216.67,1200,1325,1350,1283.54,1020.83,1100,1080,993.33,1050,1050.63,994.2,990.63,1000,975.32,1000,1033.33,1050,998.57,953.33,940,926.67
Dried Fish Sardine BENUE,1258.34,1285.71,1255,1287.96,1237.66,1263.64,1218.18,1236.36,1213.64,1247.24,1242.43,1250,1227,1266.67,1209.09,1217.05,1290.35,1206.54,1240.74,1216.67,1157.14,1113.81,1156.15,1141.67,1222.22,1223.2,1390.48,1225,1307.14,1373.33,1571.43,1566.67,1555.56,1600.15,1539.96,1500,1545.45,1455.56,1461.47,1503.33,1487.69,1398.67,1352.31,1379.16,1345.05,1415.06,1461.11,1463.64,1501.82,1495.85,1464.29,1487.88
Evaporated tinned milk carnation 170g BENUE,120,120,123.33,120,135,120,135,120,138,135.16,135,135,127.84,140,165,153.33,160,150,160,150,185,173.33,173.33,162.5,170,163.33,150,153.33,170,178,165,160,180,165,150,155,160.27,160.15,158.48,160,160.59,150,150,150,166.67,165,160,170,169.37,160,140,145
"Evaporated tinned milk(peak), 170g BENUE",137.33,132.38,137.74,136.5,154.38,158.13,151.86,154,154.79,158.63,157.5,158.5,160.87,180.24,194.55,199.33,199.5,194.17,204.29,202.35,209.33,189.29,189.29,195.5,198.14,193.33,192.63,190.67,203.33,195.6,180.91,182,192.86,187,174.29,180.91,182.52,184,181.33,180.83,179.83,163.08,183.33,180.74,185.83,187,177.78,186.43,184.78,178.24,180,188.82
Frozen chicken BENUE,1200,1300,1400,1600,1500.32,1600,2100,1700,2050,1996.58,1600,1733.33,1726.95,2000,1800,1600,1600,1700,1700,1733.33,1734.37,1640,1650,1700,1750,1650,1550.55,1600,1600,1585,1650,1600,1700,1650,1600,1700,1725,1708,1721.83,1750,1762.25,1820,1800,1750,1833.33,1850,1900,1925.5,1975,1950,1920,1875
"Gari white,sold loose BENUE",162.84,164.82,162.26,162.44,142.52,150.92,166.15,171.82,162.04,153.18,169.74,148.81,163.03,292.4,273.95,252.28,265.76,318.61,292.19,230.87,263.77,222.54,214.14,209.01,209.51,214.29,186.04,183.43,206.64,189.99,179.14,192.75,201.04,183.69,183.97,163.16,180,169.44,167.26,165.62,163.81,147.74,146.22,156.79,146.91,147.49,173.52,183.61,182.13,147.7,151.73,159.6
"Gari yellow,sold loose BENUE",225.46,230.8,238.67,244.29,259.55,270.79,253,267.26,234.55,234.42,232.67,240.3,240.25,265.8,278.48,284.62,300.11,357.67,328.89,412.79,413.03,370.23,367.09,365.89,303.13,288.29,262.6,252.03,250,231.18,224.85,224.9,245.98,213.28,214.63,189.84,200.71,187.62,185.91,198.99,194.79,161.29,151.05,163.19,159.7,156.23,177.25,209.6,207.8,150.63,147.47,146.57
"Groundnut oil: 1 bottle, specify bottle BENUE",306.66,312.22,350.66,324.99,388.33,404.44,416.66,425.39,434.44,443.29,468.88,433.33,430.21,428.11,455.55,431.47,438.12,445.17,490.47,500.33,440.19,445.83,445.83,441.79,500,495.8,520,538.46,601.28,612.12,629.63,638.89,636.06,595.24,614.29,609.63,589.47,594.44,600.84,646.67,618.18,600,586.15,619.04,605.15,646.67,638.1,600,594.87,566.67,610.26,585
Iced Sardine BENUE,650,653.33,653.57,683.33,680,680.55,685.45,687.78,689.09,689.76,688.18,682.44,672.08,673.04,670.87,680,686.74,683.2,695.56,694.88,670,680.2,683.35,680.74,700,700.56,850,800,820.08,847.62,908.57,851.43,825,900,985.33,1000,909.09,921.67,930.09,1016.67,1000.83,937.42,918.18,970,963.65,1015.71,1056.11,1046.1,1065.71,1022.44,980.05,949.21
Irish potato BENUE,171.3,175,172,173.67,174.55,174.14,175.83,181.48,175.44,188.5,180.3,180.73,188.21,187.69,186.06,187.3,192.58,191.26,197.18,196.87,182.3,165.03,183.48,180.32,203.27,198,216.41,299.11,307.19,307.68,284.57,289.21,266.92,256.81,344.76,284.57,268.49,275.03,287.68,305.89,297.36,218.24,209.46,255.64,237.47,260.18,307.89,275.24,286.8,261.86,302.99,268.75
Mackerel : frozen BENUE,817.42,878.64,800,802.64,805.28,807.92,810.56,813.2,815.84,818.48,821.12,788.15,750,738.53,943.3,887.29,875.61,841.36,840,858.64,849.19,807.94,745.2,736.21,838.1,713.97,904.47,815.03,815.56,916.41,908.33,1000,1075,1000,1075,991.67,1040,1087.5,1030.38,1150,1129.23,1212,1200,1155.78,1158.56,1182.88,1177.47,1154.65,1156.9,1102.59,1090.77,1055.25
Maize grain white sold loose BENUE,80.12,79.74,93.19,89.96,103.17,112.19,131.16,146.65,160.69,143.4,133.85,146.14,159.99,177.28,176.71,169.26,190.06,195.39,193.16,189.55,160.99,195.68,195.68,195.55,188.71,190,140.58,164.98,183.64,195.19,192.67,193.16,195.58,175.14,149.06,127.43,116.9,120.57,123.12,145.87,129.69,143.7,123.59,129.59,136.35,131.13,136.73,149.63,122.59,122.43,131.32,131.77
Maize grain yellow sold loose BENUE,77.24,80.01,92.76,89.64,98.94,102.93,113.25,125.47,139.98,142.03,137.18,152.69,174.14,180.82,166.81,191.07,204.67,204.76,199.4,199.73,163.93,205.06,205.06,205.3,227.56,200,173.75,170.1,191.32,209.87,193.83,206.42,197.86,184.26,144.31,141.14,119.78,128.65,130.51,153.92,133.5,146.53,125.14,131.52,139.17,130.87,132.12,125.74,120.83,118.76,128.58,121.06
Mudfish (aro) fresh BENUE,694.12,680,941.67,925.75,803.57,825,828.57,887.5,857.14,931.62,803.57,889.34,903,836.36,1035.71,908.33,1100,1100,1052.63,966.67,967.25,1040.74,1085.85,1085.06,1175,1200,1050,940.74,1017.05,1157.35,1166.67,1200,1300,1421.57,1375,1300,1275,1250,1252.3,1300,1343.4,1275,1233.33,1192.1,1151.28,1210,1131.78,1150,1146.12,1106.26,1138.46,1053.85
Mudfish : dried BENUE,1254.11,1250,1571.97,1804.92,1306.49,2053.03,1704.55,1685.71,1347.4,1820.51,1524.48,2200,2070.55,2428.57,2435.06,2528.57,2650,2666.67,2658.33,2270.21,2271.57,2233.39,2255.32,2214.4,1995.24,2124.06,1917.01,1953.64,1908,1830.25,1905.65,1915.24,1818.18,1884.62,1922.79,1605.65,1562.39,1566.38,1587.02,1608.92,1636.67,1589.5,1536.11,1550.3,1494.16,1515.65,1582.43,1557.04,1603.94,1580.95,1567.59,1546.21
Onion bulb BENUE,222.85,246.56,241.2,256.58,254.57,261.83,230.84,231.15,233.16,240.63,265.23,236.19,294.16,226.04,220.15,179.41,173.52,204.92,235.65,242.22,241.38,201.29,199.18,201.01,224.29,218.65,201.31,225.88,218.91,234.54,288.83,286.42,258.46,223.06,257.4,201.64,250.66,274.6,245.39,286.36,266.67,259.64,241.67,238.14,200.71,207.14,226.76,206.31,200.66,216.37,203.87,158.65
"Palm oil: 1 bottle,specify bottle BENUE",288.57,319.77,359.16,340.94,350.16,343.99,359.99,410,470,450.21,475,450,472.13,485,470.33,440.55,501.07,529.52,551.52,576.59,467.91,530.31,530.31,530.14,551.67,560,529.82,510.83,535.83,525.83,509.52,522.81,591.11,533.33,533.33,509.52,514.78,524.44,515.83,496.41,457.78,491.67,461.54,462.5,485.71,466.67,474.07,488.89,437.22,442.22,491.76,496.3
Plantain(ripe) BENUE,192.63,180.73,195.12,152.39,170.83,159.3,164.41,173.47,152.19,170.4,198.31,201.23,200,207.38,209.12,218.8,218.35,229.61,244.77,253.23,196.09,229.95,210.19,215.12,316.67,237.92,242.7,262.1,270.34,249.2,253.09,288.47,274.07,251.59,254.73,205.07,224.09,257.89,261.37,279.43,254.29,268.18,251.23,276.27,267.93,277.44,208.51,228.53,256.82,280.12,322.69,255.65
Plantain(unripe) BENUE,231.69,183.78,156.76,146.14,132.58,148.51,150.43,142.72,132.26,149.53,153.66,172.63,168.78,190.58,201.42,205.36,213.55,218.49,201.38,226.35,174.37,218.81,240.27,237.24,275.13,240.86,300.64,285.88,282.97,308.68,313.64,297.92,270,239.61,230.67,209.55,200.17,237.64,242.92,254.63,223.08,298.02,265.59,278.11,261.34,256.46,282.22,292.86,250.97,259.55,255.08,231.26
Rice agric sold loose BENUE,193.55,193.55,213.81,200.35,218.75,258.06,283.48,322.58,312.5,294.82,312.5,300.56,301.84,311.43,310,295.16,300.14,319.44,326.67,366.67,366.93,266.67,255.16,256.67,243.33,300,300,295.16,305,312.95,316.67,326.92,408.46,371.26,378.06,316.67,333.33,336.96,315.86,307.78,306.67,290.32,293.33,305,311.83,315.11,403.55,382.6,381.18,383.81,333.33,369.35
Rice local sold loose BENUE,153.75,147.18,181.68,183.6,188.19,235.42,275.76,285.83,298.58,277.69,289.96,300.25,272.71,283.97,297.13,303.15,335.91,358,338.89,285.96,297.86,283.04,257.31,266.8,232.78,241.77,243.3,252.32,297.86,265.75,256.45,260.76,253.07,260.12,278.17,256.45,303.7,304.8,300.44,294.08,279.14,259.78,290.95,286.96,307.11,312.42,349.5,348.22,346.11,351.48,296.3,297.4
Rice Medium Grained BENUE,161.29,161.29,200,161.29,187.5,225.81,281.25,258.06,281.25,292.8,281.25,258.06,303.72,261.44,303.33,259.75,358.33,383.33,365.98,333.33,347.56,266.67,253,244.87,238.33,246.67,266.67,259.75,274.56,256.77,258.38,244.3,268.53,250,257.41,258.38,300,318.06,306.37,295.5,282.37,258.06,266.67,266.66,315.7,356.67,408.33,392.58,392.16,400.11,400,383.33
"Rice,imported high quality sold loose BENUE",221,250.88,256.13,255.86,271.44,318.28,361.83,362.67,381.43,371.45,384.72,382.26,390.43,422.66,420.34,407.16,430.01,488.81,469.8,402.92,407.14,368.26,355.49,353.35,327.78,359.96,351.9,407.16,407.14,397.26,394.37,381.36,374.08,385.34,398.56,333.07,348.72,352.31,351.58,379.91,381.69,377.63,387.08,364.79,375.47,402.93,482.39,480.98,480.41,474.53,472.68,449.25
Sweet potato BENUE,101.13,100,102.48,109.83,107.98,107.64,107.76,106.67,108.38,103.84,118.23,112.5,110.05,116.31,111.3,118.51,117.4,117.98,110.67,115.16,110.75,95.18,99.54,99.92,77.78,85.87,86.46,105.55,135.21,121.99,122.05,124.57,138.19,122.25,139.69,103.14,134.52,148.65,135.36,155.7,138.15,135.81,134.44,146.48,159.6,171.36,180.59,210.4,230.67,202.9,211.98,183.97
Tilapia fish (epiya) fresh BENUE,650,650,690.2,652.5,636.36,660,658.18,651.43,636.36,676.53,663.18,664.11,640.79,657.14,666.67,650,654.36,660.77,665,650.29,623.33,650.72,650.72,650,720,886.6,800,825.67,815,714.29,766.67,800,840.74,825,926.32,800,850.53,905,918.18,1083.33,1054.55,983.33,970,1005,959.72,1000.43,1060.61,1050,1030,1003.08,985,977.27
Titus:frozen BENUE,520.24,535,525.88,544.2,521.34,529.98,522.81,537,532.95,533.94,535.6,533.34,531.3,558.28,560.05,531.66,538.86,543.26,533.29,525.34,525.11,550.79,600.52,600.9,700,822.5,819.05,858.46,838.64,797.06,802,825.29,827.16,876.3,1071.1,938.57,1000.53,1071.1,1062.08,1155.63,1121.47,1081.45,1050.05,1088.33,1100.48,1152.08,1180,1155.88,1157.55,1096.87,1124.62,1099.81
Tomato BENUE,215.55,240.12,250.27,211.16,222.22,233.34,258.03,244.07,238.82,275.87,234.42,251.28,291.78,290.32,278.96,270.24,380.43,397.62,380.64,323.23,280.07,203.42,254.61,242.69,235.24,250.77,236.91,276.04,262.26,251.88,307.14,317.6,313.64,308.58,287.11,245.53,275.68,306.59,284.07,285.21,292.06,275.76,253.46,263.98,278.19,252.15,211.35,226.6,230.19,197.87,215.98,219.1
"Vegetable oil:1 bottle,specify bottle BENUE",300,337.22,317.77,318.21,312.5,319.52,321.33,334.66,332.22,377.71,382.77,358.33,354.19,398.33,402.22,400.74,429.4,473.87,433.33,453.33,380.72,474.58,474.58,470,525,550.32,600,582.42,604.76,597.27,569.7,540.83,604.76,588.15,597.9,509.7,559.68,550,559.83,548.67,545.24,485.71,485.21,466.66,476.19,482.05,500,515.56,522.92,533.33,537.25,541.67
Wheat flour: prepacked (golden penny 2kg) BENUE,550,550,525,557.5,525,537.5,587.5,537.5,550,536.87,575,607.5,627.28,630,665.67,647.22,678.25,670,640,691.66,611.24,671,671,657.14,680,642.86,635.71,613.33,582.5,605,620,637.5,625,607.89,654.67,570,600,591.67,602.16,595.33,570,633.33,600,590.38,606.67,600.64,585,557.14,560.67,600.15,683.33,689.75
Yam tuber BENUE,145.86,146.08,130.42,137.92,191.03,155.37,191.27,147.78,193.04,157.23,129.89,130.95,161.91,154.71,213.15,222.11,253.59,277.09,252.12,262.8,224.37,203.62,185.88,179.24,202.06,209.2,278.54,319.35,326.28,369.89,357.18,392.86,379.87,342.88,203.45,198.85,170.34,203.87,208.63,317.57,312.98,251.43,220.86,218.15,197.97,138.94,208.64,184.01,185.93,168.63,187.97,144.34
Agric eggs medium size BAUCHI,250.21,300,325,291.67,358,285,290.03,360.7,360,359.3,358.6,357.9,357.2,434,434.29,524.17,564,536.33,498,453.33,453,449.5,450.5,456.43,427.14,475.27,475.91,500.25,485,498.71,432.86,450,420,427.14,430,437.14,460,438,440.6,461.82,463.33,485,427.5,454.44,446,454.44,435,434.81,443.85,410,450,447.69
Agric eggs(medium size price of one)BAUCHI,30,30.42,29.38,30,30,37,30,32.5,30,40.57,37.08,40.56,47.8,48.04,48.23,44.64,48.64,45.75,42.5,40,41.02,39.09,39.29,39.39,38.44,37.92,37.38,37.92,36.82,39.29,37.86,38.5,39.38,38.44,37.92,37.86,40,38.69,38.84,40.09,40.18,39.17,37.27,38.18,39.09,39.09,38.18,37.2,38.47,38.22,41,40
"Beans brown,sold looseBAUCHI",230,196.43,172.41,819.25,229.63,239.29,264.25,259.62,270.09,286.7,317.71,339.13,215.47,220.58,295.58,306.15,300.74,330.47,323.11,351.95,384.62,355,323,317.47,322.98,343.26,325.23,289.6,316.61,295.19,278.71,250.19,294,298.98,310.13,304.05,278.57,280,281.03,292.42,281.9,279.63,255.31,239.5,287.37,251.9,258.57,266.9,248.04,225,187.46,196.33
Beans:white black eye. sold looseBAUCHI,226.27,180.32,183.31,258.23,189.44,225,239.93,235.22,203.01,212.68,226.99,260.68,213.68,219.09,240.44,275.97,261.41,294.85,293.74,309.03,300.24,297.7,290.54,277.15,295.8,301.99,277.59,289.6,295.26,283.74,299.21,294.65,319.8,279.8,324.4,300.21,264.84,271.27,268.15,274.49,280,275.71,237.51,202.79,241.39,222.25,224.04,238.35,237.93,224.56,212.4,218.46
Beef Bone inBAUCHI,839.77,746.21,803.2,822,855,800,904.33,850,750,909.79,970.83,980.83,995.37,993.04,896.11,1026.28,1113.1,1041.54,1077.32,996.15,969.64,948.15,1000,1025,916.67,902.5,958.25,872.22,900,887.5,900,1000,985,916.67,966.67,1009.88,953.51,1000,1002.88,950,942.86,897.43,853.33,900,994.56,983.33,941.96,935.23,925.64,946.54,944.44,950
"Beef,bonelessBAUCHI",844.83,860,869.56,879.12,946.02,969.7,950,930.24,971.43,971,900.21,911.58,920.19,1191.67,984.09,1195.83,1239.51,1284.42,1261.96,1112.5,1210,1164.29,1066.67,1063.33,1109.19,1181.82,1215,1170.91,1190,1121.43,1184.62,1148.18,1200,1209.19,1230,1284.62,1220,1188.89,1180,1176,1201.58,1173,1150,1108.33,1212.5,1215.7,1211.43,1194.91,1203.85,1216.19,1185.71,1214.29
Bread sliced 500gBAUCHI,144.17,205,173.33,173.09,250,268,270.09,272.18,278.67,280,281.33,284,283.99,278.33,280.83,275,287.5,284.62,286.06,243.75,302.22,295,270,256.67,280,278.75,253.08,291.67,300,298.89,292,296.67,285.71,270,254.55,230,238.89,230,231.25,226.54,230,225.56,227.5,268.75,243.33,270,278.18,274.5,271.11,267.78,238.33,238.57
Bread unsliced 500gBAUCHI,145,147,166,187,199.3,206.17,226.37,266.67,250,258.12,266.25,274.37,282.5,261.67,268.46,260.91,293,266.92,279.96,290.91,295,295,268,250,253.57,254,257,250,267.78,257.27,268.89,270,251,243.57,241.67,233.33,210,202,214.55,214.67,225.56,225.45,202.3,242,216,238.75,244.62,242.17,240,251.54,262.5,226
Broken Rice (Ofada)BAUCHI,138.33,143.45,155.64,156.36,203,223.08,207.14,274.98,223.53,262.57,280,282.8,285.6,274.32,284.7,291.63,330.73,395.33,363.03,288.21,307.62,298.09,298.79,297.36,301.21,323.46,329.1,341.18,321.46,305.17,350,341.38,343.09,321.21,335.56,333.33,306.67,317.36,308.66,302.17,296.99,299.45,254.06,288.79,315.11,327.99,379.38,377.39,389.29,380,345,357.7
Catfish (obokun) freshBAUCHI,769.23,803.57,825,822.95,820.9,818.85,818.18,825,850,994.39,900,977.78,1005.97,1125,975,957.54,920.12,892.71,885.29,950,939.55,920.56,920.56,920.46,1000,833.33,833.33,800,795.38,800,850,815.24,903,900,1075,1200,1175,1160,1200,1250,1200,1126.67,1100.33,1120,1143.41,1200,1225,1239.43,1191.86,1158.26,1125.88,1107.89
Catfish :driedBAUCHI,2083.33,2251.11,2100,2103.12,2106.24,2109.36,2112.48,2115.6,2118.72,2165.74,2041.67,1917.59,1998.82,1992.76,1986.7,1980.64,1974.58,1968.52,2019.23,2000.15,1978.15,2050.11,2000.58,2000.29,2119.64,2045.8,2000,1800.77,1764.29,1698.57,1622.81,1528.57,1582.53,1419.64,1540,1651.5,1708.33,1690,1710.6,1787.5,1810,1797.44,1750,1762.2,1756.27,1810,1891.67,1904,1885.62,1850,1866.67,1814.29
Catfish SmokedBAUCHI,1817.5,1818.18,1818.86,1819.54,1820.22,1820.9,1821.58,1822.26,1822.94,1923.18,1862.5,1822.94,1783.38,1743.82,1704.26,1833.34,1830,1826.67,1823.33,1820.05,1800.03,1800,1750,1750,1700,1940.84,1923.74,1875,1758,1769.21,1765.76,1685.83,1709.41,1600,1617.78,1650.56,1647.65,1640.78,1620.73982,1622.04,1623.01,1599.03,1560,1567.8,1540.24,1554.1,1583.25,1600.22,1602.37,1560.23,1540,1498.48
Chicken FeetBAUCHI,245,248.5,252,255.5,259,262.5,266,250,251.06,252.12,253.18,254.24,255.3,280.56,300,350,350,350,350,405.56,405.76,405.76,405.76,404.29,350,400,400,350,375,350,375,380,381.9,350,385,300,300.63,305.82,312.8,312.95,313.14,302.3,300,326,330.21,333.18,400,400.58,402.38,400.15,390,350
Chicken WingsBAUCHI,500,5000,475,476.11,477.22,478.33,479.44,480.55,450,453.8,457.6,461.4,481.18,575,470,557.14,550,555,552.5,495,495.25,550,550,550.5,575,450,400,473.86,485.29,500,500.55,550.19,552.94,575,583.33,550,500,539,542.57,542.84,543.17,536.21,525,575,589.31,594.61,650,670,670.53,666.89,635,650
Dried Fish SardineBAUCHI,1494.3,1500,1525,1546.82,1553.64,1592.31,1600,1636.37,1583.33,1681.65,1680.44,1681.86,1655.62,1730.56,1762.69,1753.09,1764.58,1750,1741.67,1700.89,1692.96,1650,1650,1557.89,1590.06,1436.11,1567.904732,1334.9,1250,1300,1314.29,1300.42,1285.57,1190.06,1200.53,1230,1200.85,1252.71,1255.95,1256.83,1266.88,1285.02,1300.02,1306.5201,1320.15,1332.03,1450,1450.58,1453.51,1383.33,1355,1360.23
Evaporated tinned milk carnation 170gBAUCHI,120.5,120,130,125,135,120.24,120,125.25,130.5,135.87,130,135.32,136.82,145.33,140,170,170,176.67,173.33,169.33,169.41,169.5,170.33,175,180,170,150,160,150,155,150,147,140,150,168.57,155,150,147.33,150.07,158,160,138,155,152,136.67,140,145,142,145,140,160,165
"Evaporated tinned milk(peak), 170gBAUCHI",142.5,141.25,139,136.33,136,145,135,142.5,139.5,141.28,149.17,149,149.32,148.75,151.43,194.17,198,190.76,192,192.86,203,199.09,200.01,200.46,200,190,189.17,191,186.67,184.62,187.14,176.67,181.43,196,197.5,187.14,181.82,176.67,179.09,181.82,171.82,179.67,186.67,182.72,162,171.82,173.82,170.7,171.69,170,179.17,180.17
Frozen chickenBAUCHI,1151.2,1100,1250,1250.9,1210,1252.7,1253,1254.51,1120,1256.31,1257.21,1258.11,1156.77,1350,1566.67,1500,1550,1725,1750,1980.9,1981.89,2050.2,1850.36,1800,1805,1800,1700,1500,1505.87,1500,1525,1480,1487.4,1485,1500,1500,1513.03,1498.8,1500.26,1550,1500,1550,1570,1600.48,1850,1900,1950.26,1925,1900.58,1850,1790,1766.67
"Gari white,sold looseBAUCHI",138.33,136.27,148.29,341.23,175.45,153.41,167.5,121.17,158.89,139.33,238.57,245.66,176.58,216.6,239.9,315.99,325.61,330.47,335.79,338.8,338.97,328.76,325.12,321.65,308.97,303.27,287.99,279.31,299.05,281.53,175.49,186.87,126.67,148.97,155.39,158.33,136.29,146.1,143.33,140.41,152.72,136.45,166.7,150.69,152.88,152.72,159.45,155.68,143.17,147.54,149.45,167.16
"Gari yellow,sold looseBAUCHI",154.08,139.99,168.22,370.84,202.95,141.86,156.01,134.72,188.33,185.68,244.91,250.45,214.7,206.71,266.74,331.4,334.86,355.42,349.41,365.53,346.59,338.5,311.54,311.82,330.62,328.17,329.54,295.65,284.2,282.51,208.8,213.51,194.07,196.62,215.53,165.43,170.68,177.31,185.4,176.65,183,141.44,149.32,159.29,168.61,173,180.71,178.73,165.33,160.23,148.22,166.9
"Groundnut oil: 1 bottle, specify bottleBAUCHI",320.55,300,311.45,328.9,356,386.67,404.97,412.66,390.47,400,400,414.99,445,446.66,501.11,493.66,466.89,440.55,436.51,433.18,438.15,441.21,450.15,451.52,465.21,574.55,576.11,502.67,521.21,595.24,519.67,495.56,518.33,521.21,658.18,542.22,555.56,529.11,502.67,493.33,502.86,482.22,489.52,466.66,507.88,502.86,489.23,491.67,495.79,451.67,468.72,460.13
Iced SardineBAUCHI,779.41,743.33,738.99,736.39,739.27,724.87,737.5,732.14,780.11,776.46,747.06,798.53,771.26,778.17,784.51,779.04,766.74,767.12,797.73,779.29,780,866.11,800,800.01,855.56,864.29,887.5,807.14,844.29,800.58,878.89,825,950,855.56,889,766.67,807.86,788.75,801.01,887.5,920,900,944.44,937.5,980,989.29,1016.67,979.44,984.55,962.5,911.11,915.56
Irish potatoBAUCHI,129.39,131.62,135.36,139.67,135.7,136.9,131.98,131.01,131.19,140.09,149.79,143.33,141.07,138.1,141.93,141.49,153.37,155.07,155.24,149.08,145.78,150.45,141.4,141.77,185.85,220.48,260.26,257.3,240,232.24,206.36,197.83,150.72,235.85,319.35,329.58,294.47,273.02,261.08,272.59,300,275.33,239.42,253.42,248.24,190.39,204.73,229.62,235.03,200.19,197.05,206
Mackerel : frozenBAUCHI,890,916.67,915,913.34,890.11,933.33,915,913.34,890,988.94,915,913.34,911.67,925,1000,958.33,884.12,950,1000,950,939.55,1000,998.24,950,980,869.7,958.44,950,950,951.45,1000,1000,950,950,900,1000,980,1000,1002.86,1050,1000,988.89,950,1000.33,987.37,1000,1100,1120,1125.86,1100.25,1095.28,1083.33
Maize grain white sold looseBAUCHI,75.78,74.34,82.2,90.02,85,90.9,106.86,115.66,125.78,117.42,105.71,123.65,134.69,133.59,140.25,147.84,153.1,151.66,154.37,155.28,130.56,151.88,142.36,142.53,168.06,180.43,179.29,104.72,115.24,113.28,106.51,110.72,121.62,98.06,87.17,106.51,97,93.22,78.81,88.26,73.12,83.69,94.39,80.05,72.7,73.12,77.97,80.39,73.91,89.28,89.95,94.6
Maize grain yellow sold looseBAUCHI,72.94,75.42,76.63,82.33,81.45,90.77,101.27,113.24,127.4,131.2,125.6,130.65,140.06,132.88,136.93,145.58,161.24,152.88,154.97,154.98,136.46,153.1,150.45,150.08,175.5,189.71,174.63,111.43,106.31,105.07,106.8,109.6,101.14,98.5,93.09,106.8,96.2,98.15,78.7,88.03,76.35,82.81,92.18,78.45,73.55,76.35,77.14,81.22,75.21,90.48,91.6,93.42
Mudfish (aro) freshBAUCHI,701.82,787.5,713.77,715,850.97,809.5,887.8,860.15,876.88,843.31,910.83,925.32,929.16,850.09,882.08,826.67,915,914.4,914.7,885,838.58,800.83,800.75,800.59,897.68,844.44,835.05,950.79,893.64,875,805.88,790,793.95,897.68,894.81,1002.5,936.54,891.21,900.43,1000,1015.3,978.33,930,901.66,873.33,841.67,875,852.38,891.18,833.33,857.14,820.29
Mudfish : driedBAUCHI,1339.21,1525,1507.61,1832.34,1908.64,1340.91,1418.69,1844.01,1656.45,1478.6,1199.48,1416.34,1915.27,2169.05,2238.31,2249.65,2280.42,2285.79,2283.1,1890.16,1891.11,1684.58,1602.05,1522.41,1685.12,1717.41,1608.41,1427.84,1436.05,1443.94,1495.89,1500.8,1650,1685.12,1522.52,1595.8,1533.28,1571.21,1553.58,1616.25,1580.67,1517.26,1487.5,1449.19,1515.31,1495.83,1525.2,1498.62,1500.63,1442.51,1469.64,1437.39
Onion bulbBAUCHI,171.45,195.83,110.48,247.62,141.67,213.33,122.5,157.09,190.22,191.52,223.13,230.63,241.11,181.08,167.82,155.69,150.4,151.58,144.7,142.29,140.56,145.09,134.37,131.75,126.97,129.92,171.38,157.42,151.59,152.54,143.56,134.88,177.88,126.97,142.54,147.07,157.58,143.51,128.44,106.8,130,129.02,94.67,125.7,130.1,115.74,99.96,130.16,135.42,114.34,115.45,118.19
"Palm oil: 1 bottle,specify bottleBAUCHI",281.11,307.77,289.37,303.33,325.33,333.33,344.99,370.23,380.44,408.44,411.11,433.33,429.37,451,495,497.22,474.82,512.38,522.85,518.94,440.65,513.14,480.55,480,450.2,511.11,514.13,503.03,480,488.57,485.71,493.33,510.42,520.2,501.11,485.71,506.67,497.5,495.76,469.09,483.34,492.12,449.33,441.21,447.27,483.34,453.33,455.38,443.64,458.18,448.21,443.33
Plantain(ripe)BAUCHI,230.26,210,234.37,253.84,271.42,270,265.99,252.14,291.66,293.16,304.44,312.16,290.14,285.71,270.24,230.12,258.56,250,283.33,306.37,280.73,250.37,250.8,259.26,288.44,286.21,315,300,272.73,250,206.67,228.57,212.96,228.44,308.15,280,290.39,303.97,343.14,300,302.1,270,222.22,230.87,255.56,214.29,263.64,241.67,225.16,200.13,207.77,209.82
Plantain(unripe)BAUCHI,181.82,138.89,157.14,183.03,173.33,163.64,174.28,178.31,182.42,205.14,200,165.75,173.52,203.87,205.27,227.63,218.44,203.57,190,208.15,197.05,203.87,208.11,211.72,209.23,220,266.67,200,240,200,190.85,216.67,201.79,179.23,212.73,200.85,222.22,242.65,236.11,227.86,250,200,222.22,215.71,224.66,226.68,220,233.33,202.22,199.03,214.81,228.57
Rice agric sold looseBAUCHI,166.18,185.19,214.78,471.25,262.5,267.86,266.41,283.37,246.51,338.31,346.96,350.12,303.6,317.03,327.89,309.07,310.42,328.24,314.64,325.87,326.03,313.61,303.61,294.86,302.85,290.32,270.1,251.24,287.05,290.02,270.77,258.57,310,282.85,278.27,270.77,268.55,285.75,292.18,271.97,246.64,263.55,258.68,265.22,283.14,296.64,382.61,395.86,392.03,364.13,378.05,332.75
Rice local sold looseBAUCHI,137.49,146.69,164.24,332.15,167.19,233.5,225.75,245.55,211.54,241.16,219.59,260.72,275.57,256.5,270.84,275.35,273.55,263.64,273.77,279.44,279.58,268.77,268.77,260.21,280.69,288.39,267.9,217.13,211.36,216.03,204.11,211.84,250.31,220.69,211.08,224.11,213.52,230.85,231.37,241.44,238.2,220.17,223.22,230.28,240.54,254.2,321.42,325.22,315.87,325.13,325.22,331.88
Rice Medium GrainedBAUCHI,174.44,173.88,177.28,510.56,175,296.3,234.98,303.57,310.34,278.89,303.17,392.86,246.92,315.27,319.54,290.05,290.76,295.72,275.78,290.49,309.26,299.09,285.77,278.28,274.11,255.36,276.46,333.74,308.07,294.48,308.74,300.86,303.27,298.11,230.47,308.74,311.22,302.07,312.42,301.07,293.34,256.49,243.97,261.03,263.9,283.34,249.14,268.33,263.29,272.22,316.03,313.79
"Rice,imported high quality sold looseBAUCHI",211.18,232.8,267.56,385.53,325,331.85,316.71,347.02,261.32,364.54,404.81,421,421.81,346.91,394.43,363.43,371.44,370.74,323.63,383.5,383.69,363.18,360.25,353.45,381.7,369.05,357.57,337.38,356.38,324.7,320.02,352.74,357.14,321.7,333.58,328.78,345.59,342,335.05,322.41,320.2,309.86,334.51,337.37,371.9,401.54,459.13,467.68,461.47,436.17,385.09,391.45
Sweet potatoBAUCHI,110.43,112.1,115.89,111.44,111.07,112.22,113.22,110.83,111.25,116.19,115.91,118.76,107.7,108.54,104.09,107.13,110.48,105.03,106.37,105.26,102.05,80.19,75.95,75.81,73.47,66.81,77.13,71.78,71.52,99.77,101.51,90.58,108.61,93.47,106.33,101.51,101.99,89.51,85.09,75.83,90,74.42,73.83,77.06,65.48,101.43,89.25,98.65,95.32,105.9,94.44,106.22
Tilapia fish (epiya) freshBAUCHI,740.94,746.67,741.67,740,746.3,752.61,752.85,752.9,755,757.25,760,765,761.39,767.5,758.75,751.25,753.93,750.3,750.51,750,750,700.25,700.25,680,687.41,600,627.16,550,550,526.46,500,550,553.85,547.41,651.28,600,558.33,550,582.49,599.41,600,566.67,520,560,525,500,750,780.67,765.34,721.33,756.32,748.5
Titus:frozenBAUCHI,627.5,622.22,620,622.49,623.5,621.58,593.06,568.5,565,564.77,565,630,622.51,620,620.08,619.17,622.61,636.67,602,601.67,600,610.44,610.44,610,735,900,950,866.67,886.36,860,900,915.33,984.77,950,920,900,843.75,910,912.76,933.33,950,900,898.34,900,1000,980.58,1025,986.48,944.29,900,950,914.6
TomatoBAUCHI,178.09,213.69,140.54,281.64,1250,258.01,238.89,195.67,155.4,185.17,122.4,228.97,160.59,197.15,145.09,248.29,263,262.65,266.58,272.92,222.19,200.55,205.12,202.07,185,181.09,170.99,185.69,205.52,232.72,205.3,199.58,219.17,187.6,185.33,174.66,162.73,165.74,107.24,104.21,110,105.96,103.38,125.1,169.2,168.71,141.08,150.93,131.43,112.62,96.28,125.11
"Vegetable oil:1 bottle,specify bottleBAUCHI",371.11,351.11,289.33,308.87,318.66,320,363.33,366.66,366.66,375.89,399.44,409.44,400,406.66,417.78,444.04,456.78,475.23,520.95,570.3,477.62,475.94,485.65,470,503.11,514.44,491.43,480,465.45,432.38,464.76,451.11,454.29,465.11,485.67,445.71,450.33,440,482.42,470.3,491.43,442.22,410,422.66,447.27,491.43,486.36,483.56,500,491.3,451.28,453.33
Wheat flour: prepacked (golden penny 2kg)BAUCHI,580,552.5,550,552.5,533.33,600,600,550,567.16,604.39,600,650,608.17,600,637.5,658.33,690.49,637.5,650,625,622.99,638.45,645.44,635,650,700,725,700,675,683.33,650,675,650,610,666.25,666.67,660,675,681.67,662.5,637.5,703.33,725,700,676,687.5,700,712.5,705,740,766.67,770.89
Yam tuberBAUCHI,135.44,151.6,121.33,152.52,176.01,106.33,148.91,126.35,139.99,142.7,153.88,155.32,140.96,130.46,132.44,183.21,216.52,234.31,232.54,316.1,254.96,155.37,133.5,147.37,167.62,153.33,128.44,135.31,140.28,140.65,133.74,142.37,151.13,127.62,138.65,129.58,119.38,124.34,129.63,138.93,150,124.21,142.07,158.56,141.62,160.2,173.38,172.93,157.93,140.35,131.62,160.76
Agric eggs medium size JIGAWA,335.45,336.67,335.5,351.33,350.15,385.13,375,361.67,576.28,497.55,447.39,446.36,556.35,524.09,584.71,524.55,529.38,528.57,485.89,404.67,429.44,425,428,476.67,410.13,458,478.46,486.15,527.33,530.67,473.85,445,461.67,500,460,425.43,460,433.53,428.75,471.43,465.71,495.71,465.71,443.21,446.79,448.75,466.43,467.62,441.43,440,415,466.67
Agric eggs(medium size price of one)JIGAWA,30.38,29.17,28.92,30,30,33.27,32.61,31.67,47.01,41.26,38.75,39.55,48.28,48.33,48.75,45.64,48.93,46.33,42.98,37.44,37.5,37.33,38,38.57,37.35,36.67,36.92,36.54,39.33,40.59,39.62,37.33,40,40.59,40.59,37.69,40.92,39.71,40,40.64,39.64,39.64,39.64,39.64,39.64,37.19,40.71,39.95,37.79,,36,39.33
"Beans brown,sold looseJIGAWA",163.23,197.56,276.67,198.1,213.04,203.33,262.98,269.23,180.88,194.59,200,233.89,241.19,335,353.37,345.64,346.67,353.1,386.67,326.64,389.49,336.64,320,350.83,332.14,330.07,353.33,370,398.6,398.76,409.75,400,400,381.76,381.76,350,350,342.65,332.19,340,340,340,340,302.02,302.9,313.86,306.24,283.39,246.67,211.54,239.49,265.13
Beans:white black eye. sold looseJIGAWA,124.53,148.37,149.77,216.51,189.27,200.7,257.71,225.84,235.48,213.11,208.13,200,243.89,256.67,283.55,279.92,291.32,283.86,322.52,278.09,333.93,308.09,302.52,289.68,265.67,277.1,304.9,313.14,346.74,355.65,408.54,398.2,358.01,328.53,331.14,384.59,384.59,374.96,356.53,299.18,316.68,299.18,263.54,239.58,249.58,289.22,252.24,253.5,241.2,198.55,142.91,184.7
Beef Bone inJIGAWA,896.32,897.3,868.4,1018.61,836.44,902.04,1100.59,933.95,1040,974.82,993.75,870.04,1054.48,1016.04,1094.37,1071.57,1068.25,1079.57,1073.91,953.3,947.31,895.92,878.21,1038.88,933.53,925.04,938.64,844.03,878.75,885.98,904.53,1088.3,1050.91,1030.95,1079.3,1036.6,996.77,980.95,999.73,998.29,1020.86,951.4,912.97,955.68,961.51,927.52,888.9,864.8,867.68,907.78,880.98,969.93
"Beef,bonelessJIGAWA",1072.22,1073.4,1032.48,1052.9,1013.73,1039.33,1107.53,1120.83,1431.69,1388.38,1153.24,1136.93,1213.03,1245.43,1291.06,1142.59,1273.33,1250.71,1262.02,1137.21,1264.61,1184.12,1183.33,1213.64,1282.68,1200,1175.41,1243.4,1208.28,1247.28,1101.46,1231.74,1222.89,1147.28,1147.28,1171.76,1158.18,1238.1,1226.46,1210.23,1178.4,1126.89,1156.89,1157.34,1167.34,1229.32,1196.14,1161.36,1173.43,1173.33,1142.08,1238.02
Bread sliced 500gJIGAWA,131.79,216.88,241.67,212.5,220,220,250,200,257.84,210.23,317.5,201.25,223.33,260.83,252.22,236.67,231.11,280,255.56,229,249,229,235,237.5,307.78,296.67,242.22,226.36,217.78,220,235,238.89,231.25,260,260,223.33,223.33,232.5,222.22,237.5,230,236.25,230,256.25,256.25,245.38,236.25,257.69,243.75,233.33,212.5,275
Bread unsliced 500gJIGAWA,133.33,285.71,225,151.67,135.48,315,300,157.22,245.07,203.97,370.54,181.81,222.25,205,226.15,238,232.73,238.33,235.53,224,223.57,214,220,243.33,285.13,268.33,213.08,224.17,227.69,244.67,274.62,266.67,222,230.67,248.75,220,220,212.14,220.63,218.18,221.82,281.82,281.82,237.85,227.86,277.06,257,246.84,260,208.33,200,247.69
Broken Rice (Ofada)JIGAWA,175.14,171.31,195.84,289.07,238.22,281.32,341.72,306.18,306.18,327.43,305.4,292.55,358.43,305.59,342.9,306.77,317.45,335.11,326.28,298.47,358.64,298.47,298.47,249.21,251.64,247.7,258.96,259.68,262.93,259.13,279.75,251.42,265.69,259.13,259.13,289.95,295.75,343.61,350.24,365.41,371.09,364.92,376.36,351.73,351.91,327.28,301.09,273.41,312.76,269.96,282.04,325.06
Catfish (obokun) freshJIGAWA,999,1000,933.34,927.69,928.34,954.55,993.59,938.47,846.09,865.46,895.38,883.89,957.54,861.54,826.44,929.89,857.49,850,884.95,876.93,868.38,916.92,916.67,885.94,905.49,906.13,955.56,833.33,900,1067.21,900,1007.5,960,1067.21,1067.21,996.32,960.93,943.48,928.67,933.33,925,883.33,853.33,894.61,924.62,922.22,873.33,890,889.23,890,889.74,950
Catfish :driedJIGAWA,1849.28,1979.17,1931.82,1667.87,1787.5,1893.75,1825,1644.23,1675.94,1898.04,1900,1793.71,1732.85,1976.93,1750,1800,1767.69,1701.93,1666.67,1619.23,1601.42,1619.23,1640,1732.8,1791.21,1792.46,1672.12,1701.93,1699.14,1561.36,1581.82,1606.14,1593.94,1552.96,1558.42,1600,1640.56,1633.33,1651.03,1670,1653.33,1580.23,1550.23,1500,1478.29,1430.28,1453.85,1450.85,1443.25,1450.8,1448.29,1500
Catfish SmokedJIGAWA,1789.81,1889.81,1750,1755.08,1760.16,1765.24,1770.32,1775.4,1780.48,1785.56,1790.64,1795.72,1561.07,1951.55,1754.9,1676.47,1693.22,1750,1753.81,1720,1703.28,1700,1700,1732.62,1600,1528.57,1471.43,1464.29,1500,1500,1510.05,1602.78,1500,1500,1350,1400,1492.35,1500,1515.95,1500,1500,1500.2,1475.61,1500,1500.03,1485.02,1500,1500,1490.16,1500,1496.71,1510.03
Chicken FeetJIGAWA,548.03,548.63,762.5,600,766.67,593.75,566.67,292.39,1027.98,864.79,708.33,767.24,1085.05,712.5,718.75,770.83,781.25,850.67,815.96,610.72,656.15,635.71,650,500,562.5,574,576.67,603.33,666.67,681.82,689.09,658.28,716.67,650,620,600,600,601.3,600,655,625,600,525,558.74,550,500,500,500,475,500,500,550
Chicken WingsJIGAWA,466.67,467.18,500,522.5,644.98,650,650,650,1111.71,866.69,800,750,946.13,875,820,861.51,860,984.64,922.32,890,960,954,930,650,683.33,675,750,712.5,700,700,703.07,700,790.91,785.71,735,600,600,625,631.02,675,675,675,650,597,600,670,707.14,700,701.29,700,700,766.67
Dried Fish SardineJIGAWA,1298.99,1301.72,1304.45,1300,1300,1325.67,1320,1360.72,1369.9,1373.57,1376.46,1325,1367.29,1368.13,1350,1350.5,1356.38,1350,1375.83,1367.32,1350,1321.14,1250,1303.33,1350,1375,1350,1260,1304.76,1353.23,1331.6,1329.58,1330.59,1403.23,1403.23,1566.67,1666.67,1700,1712.03,1750,1705.01,1625.3,1598.3,1605.11,1580,1533.33,1500,1500,1489.03,1500,1496.33,1551.45
Evaporated tinned milk carnation 170gJIGAWA,105,112.5,106.25,120,105,111.67,112.5,110,124.8,121.98,148,118.33,131.39,148.33,148.57,140,148.57,155,151.67,152.5,170,152.5,155,170,170.71,156.67,155,147.14,146.67,148.33,150,145.56,145,148.33,148.33,157.5,167.5,140,146.67,160,160,160,160,152.5,162.5,144.44,150,133.33,145.03,140,136.67,150
"Evaporated tinned milk(peak), 170gJIGAWA",132.5,131.29,134.55,135.83,137.08,130,137.08,137.92,120,120,143.33,144.25,150,165.45,181.88,192.27,191.43,191,187.86,185,206.47,185,181.82,170,183.53,173.33,172,170,167.5,167.06,163.85,166.56,162,157.06,157.06,163.75,162.86,182.94,187.37,190,186,190,189.35,151.53,171.67,161.33,163.85,162.53,176.43,164.29,161.67,187.14
Frozen chickenJIGAWA,900,1100,1200,1025,1000,1200,1100,1200,1004.3,1009.79,1010.91,1100,1249.26,1200,1300.9,1500,1550,1600,1550,1490.09,1466.67,1400,1300,1200,1100,1200,1300,1100,1166.67,1144,1205,1125,1125,1140,1200,1500,1500,1685,1702.38,1790,1780,1800,1850.14,1810,2000.31,2450,2400,2366.67,2300,2250,2300,2350
"Gari white,sold looseJIGAWA",115.92,115.81,133.58,123.22,152.47,176.02,256.71,276.6,205.42,199.19,197.29,185.98,250.29,261.11,248.7,270.83,283.29,291.55,294.04,296.61,296.18,229.6,213.96,225.05,199.14,200.15,196.12,200.65,203.07,255.95,265.75,271.05,258.55,255.95,252.33,177.87,177.87,172.79,184.68,180.62,170.62,150.62,150.67,134.28,168.4,166.82,144.14,137.36,152.78,163.71,141.76,183.33
"Gari yellow,sold looseJIGAWA",125.51,129.38,142.46,148.34,181.21,194.81,282.45,293.37,209.69,201.64,245.19,207.37,269.91,269.04,276.7,288.4,302.6,328.59,331.84,285.44,289.27,255.44,237.06,248.61,239.01,213.61,244.71,243.66,253.92,256.75,251.63,235.7,273.08,256.75,254.45,211.73,211.73,198.97,181.01,184.96,188.6,144.96,134.96,133.12,133.13,153.41,172.48,177.76,180.62,191.46,199.76,206.23
"Groundnut oil: 1 bottle, specify bottleJIGAWA",323.55,342.77,345.6,365.1,397.22,454.35,477.22,474.22,453.75,480.8,517.66,554.69,534.22,547.77,540,535,550,589.29,585.45,579.33,522.7,590.17,585,434.29,478.33,489.52,500,503.33,491.67,519.11,532.31,520,536.67,519.11,519.11,453.33,434.87,465.19,459.33,414.29,404.76,400.37,405.48,456.15,466.15,457.92,497.33,514.59,509.52,544.44,511.52,576
Iced SardineJIGAWA,691.27,686.36,660,656.25,675.75,692.95,670,680,701.92,701.8,683.33,761.11,755.95,697.89,757.14,766.67,740.93,795.55,727.56,720.8,700,700,747.01,566.67,707.38,856.25,855.56,870.74,888.69,834.98,839.47,830.56,855.77,849.58,834.98,911.11,912.35,900,895,887,875,900,875,857.94,884.62,900,875,883.33,892.04,860,878.35,907.14
Irish potatoJIGAWA,162.46,163.02,163.15,161.02,162.82,163.44,165.01,165.41,165.13,166.9,165.22,166.62,168.9,167.68,165.98,168.97,169.46,170.55,171.92,171.79,165.46,157.9,151.1,217.96,199.58,185,174.37,159.79,203.7,227.36,216.32,217.01,206.64,227.36,307.36,219.32,212.82,242.42,235.84,277.68,267.68,197.68,192.68,202.2,182.2,200.73,199.85,190.64,193.01,188.94,250.48,283.89
Mackerel : frozenJIGAWA,750,700,718.18,703.33,753.01,760.72,875,954.55,803.84,814.58,750,788.89,799.58,964.29,765,791.07,705.79,931.58,933.34,905.2,895.24,955.2,955.2,852.32,908.33,1050,1030.77,969.23,1100,989.09,1020,950,918.18,909.09,909.09,862.12,884.09,818.18,829.09,900,895,885.71,900,900,900.85,930,950,964.62,953.85,900,858,900.85
Maize grain white sold looseJIGAWA,73.48,77.72,77.1,89.51,98.56,110.62,132.18,130.76,144.69,133.92,135.44,146.7,140.05,157.01,157.84,154.48,168.7,161.44,183.97,200.96,175.96,181.68,170.12,197.64,190.2,170,153.96,145.37,131.13,122.42,120.7,112.05,115.96,125.73,121.66,102.95,116.86,101.83,97.78,96.63,108.79,103.61,99.19,89.47,89.88,107.05,104.49,92.18,105.76,127.76,98.11,132.88
Maize grain yellow sold looseJIGAWA,73.68,73.74,82.36,91.53,98.7,101.08,100,100,117.01,125.42,126.19,133.23,134.96,154.91,161.68,156.77,142.9,164.42,181.19,207.6,138.44,164.66,160.63,200.47,197.71,180,164.58,164.91,172.87,186.78,171.79,154.33,116.26,126.78,125.8,103.51,89.94,92.35,89.04,96.09,104.64,97.47,90.08,84.98,85,96.83,96.76,100.84,112.48,146.26,101.36,118.01
Mudfish (aro) freshJIGAWA,797.06,1450,850,868.75,1166.67,989.56,1166.67,1104.17,1158.89,1037.16,926.93,993.59,1021.78,961.54,963.33,970,1076.92,1080,1189.56,1058.34,1058.97,958.33,930.7,897.14,1016.67,1153.85,1142.86,1153.85,1246.67,1298.49,1333.33,1363.64,1307.69,1128.49,928.49,1076.92,1076.92,1007.69,995.85,988.81,970.81,900.81,870.81,913.2,900.15,866.67,919.05,920,938.46,920,926.11,953.85
Mudfish : driedJIGAWA,616.67,650,700,716.67,950,1063.64,1066.67,1060,1099.83,1122.49,1000,1111.11,1201.63,1363.64,1353.85,1355,1363.64,1370,1380.95,1476.93,1400,1385.26,1385.26,1266.67,1315.79,1316.71,1200.33,1277.61,1303.98,1282.88,1282.25,1306.97,1294.55,1200.3,1200,1296,1272.35,1300,1312.21,1400,1402.31,1392.13,1352.09,1382.01,1365.89,1300,1250,1250,1300.16,1276.92,1275.53,1286.25
Onion bulbJIGAWA,100.81,102.66,146.04,192.7,106.91,127.52,193.16,138.36,158.07,117.23,199.08,190.61,193.58,142.35,144.86,130.36,125.52,133.38,145.53,119.89,134.08,119.89,125.9,202.48,152.61,152.8,150.58,150.63,159.84,162.63,151.74,159.27,172.27,162.2,148.01,123.65,213.65,210.33,192.94,195.88,178.77,104.38,94.38,118.82,108.82,139.62,121.59,155,166.84,206.39,196.2,197.82
"Palm oil: 1 bottle,specify bottleJIGAWA",280.81,292.22,308.02,323.54,331.11,348.2,382.77,367.27,408.52,434.01,451.66,451.36,427.07,473.33,467.39,549.97,497.19,499.45,510.9,489.44,460.63,500.19,458.52,491.43,471.37,469.33,464,472.38,465.83,475.29,446.15,473.85,452.5,475.29,475.29,425.05,443.81,426.67,429.8,448.21,425.87,448.21,448.21,435.55,436,450.67,480,452.73,415.38,464.44,496.97,479.05
Plantain(ripe)JIGAWA,158.24,161.89,165.63,169.46,173.37,177.38,181.47,185.67,201.68,214.26,219.21,224.28,218.02,223.05,228.2,233.48,230.92,236.26,241.72,250,221.26,236.61,236.61,333.33,300,300.21,265.35,288.52,300,337.7,397.87,381.39,389.55,350,350,265,304.04,261,255,209,198.65,189.32,180.22,189.25,185.26,200,200,200,198.08,233.33,209.87,255
Plantain(unripe)JIGAWA,180,187.5,191.83,196.26,200.79,205.43,210.18,215.03,233.11,257.36,263.31,269.39,202.2,206.87,211.64,216.53,252.12,257.95,263.91,200,233.41,258.33,258.33,363.64,280,280.2,200,200,247.7,232,237.69,247.12,242.36,232,232,255,239.28,213.01,201.12,199.2,201.37,194.02,185.21,193.42,187.92,207.69,210,210.5,201.89,200,204.08,211.12
Rice agric sold looseJIGAWA,142.31,166.93,172.62,190.8,203.48,196.25,205.33,242.49,228.56,229.01,232.15,257.67,233.11,262.5,268.38,250,283.93,301.95,292.94,241.07,246.89,211.07,205,196.43,238.83,229.55,258.93,236.24,255.58,288.38,256.07,242.86,261.26,268.38,288.38,214.29,252.32,249.12,250.18,267.86,271.03,221.43,256.89,214.28,256.34,255.14,244.68,250,275.86,206.9,242.55,303.57
Rice local sold looseJIGAWA,137.11,155.41,164.31,286.35,215.54,245.96,293.12,294.98,253.86,241.93,343.9,380.59,256.8,306.22,305.55,283.77,285.03,296.85,291.7,264.58,265.59,224.58,216.49,194.75,219.32,228.94,244.82,238.51,241.44,255.14,285.56,267.58,235.93,255.14,253.15,267.5,310.58,297.84,293.68,291.88,273.24,244.88,238.98,211.22,251.23,286.35,263.47,236.57,241.73,286.55,259.13,338.42
Rice Medium GrainedJIGAWA,187.9,188.11,188.31,188.52,188.73,188.94,250.88,251.27,283.16,291.04,291.25,291.46,292.53,300.67,280.89,275,281.11,278.06,279.58,344.19,345.11,325.11,325.11,333.33,324.14,324.14,234.48,241.38,247.38,241.38,266.11,291.67,278.6,241.38,241.38,251,263.55,271.25,274.02,285.01,282.01,290.23,301.26,291.06,303.25,360,322,300,301.38,281.38,294.11,310.34
"Rice,imported high quality sold looseJIGAWA",239.65,261.28,261.81,369.32,287.09,379.05,339.45,353.85,350.61,363.73,372.36,396.01,384.38,395.49,428.39,333.54,362.73,374.1,371.02,381.45,390.56,368.92,368.92,306.08,353.96,312.5,313.19,310.13,317.59,348.88,324.25,330.43,313.99,348.88,348.35,370.02,320.46,360.34,356.76,350.16,368.05,357.92,358.05,318.71,322.35,324.91,356.31,394.7,394.86,351.08,383.42,430.89
Sweet potatoJIGAWA,93.66,95.51,95.29,95.21,99.35,98.81,99.05,97.22,99.01,99.85,97.23,99.61,93.69,98.56,98.13,97.94,99.47,93.21,92.66,92.41,91.85,78.63,73.07,61.65,75.94,113,93,106.13,115.21,134.05,121.22,126.71,129.42,150.92,134.01,107.74,98.31,113.12,136.97,96.88,100,96.88,86.88,91.81,101.82,104.97,79.04,70.08,75.23,61.14,68.94,87.12
Tilapia fish (epiya) freshJIGAWA,882.31,827.78,831.37,834.66,873.15,879.46,854.73,880.52,898.45,898.24,853.01,855.74,858.07,908.1,868.53,837.18,897.35,899.82,880.89,875.53,796.82,926.51,853.46,694.27,748.97,806.67,673.38,700,789.61,800.88,815.45,867.6,908.89,900.88,875.81,809.89,816.67,835.61,853.92,864.1,856.41,789.98,759.98,798.54,771.27,770,777.71,761.39,741.43,780,716.67,756.44
Titus:frozenJIGAWA,700,700,705,700,700,701.47,706.67,708.24,705.29,708.33,707.22,709.1,709.07,710.83,800,800,798.22,788.68,805.56,805.35,750,750,750,759.27,872.22,900,700,700,683.33,700,683.33,696.67,689.97,700,700,750,700,850,854.55,865,825.88,825,825.92,862.5,902.5,900.56,900,900,903.48,850,800,870
TomatoJIGAWA,126.6,196.15,204.31,135.65,107.54,171.33,217.79,204.64,228.37,169.24,159.13,201.92,204.17,212.03,217.99,251.47,271.14,284.12,315.09,279.7,222.05,210.91,206.04,178.3,188.84,178,202.15,183.14,208.3,234.58,270.43,282.26,276.11,234.58,254.09,175.68,205.96,201.02,186.14,242.18,198.84,142.18,122.18,153.35,193.36,200.99,239.13,274.07,272.83,260.13,229.7,249.12
"Vegetable oil:1 bottle,specify bottleJIGAWA",283.83,302.22,318.63,325.33,366.11,395.38,381.11,401.66,411.12,441.6,502.21,526.49,492.44,502.22,515,524.93,457.69,547.56,550.3,559.16,484.42,548.38,484.07,472,480.56,463.11,466.67,488,467.56,491.43,450,473.85,480,491.43,491.43,430.3,430.3,429.63,435.11,416.87,397.06,412,416.56,448.88,431.52,471.43,466.67,504.62,450.48,511.11,452.22,524.76
Wheat flour: prepacked (golden penny 2kg)JIGAWA,536.25,526.66,522.5,569.16,565,555,510,531.66,518.49,515.88,513.33,597.5,606.46,553.33,568.33,633.33,647.05,630,650,600,650.33,630.79,630.79,550,550,625,600,623.33,630,650,700,713.33,700,701.32,715,731,749.3,700,700,716.67,710.67,716.67,700.67,700,700.18,700.33,700,725,728.03,725,726.01,735.15
Yam tuberJIGAWA,122.19,194.38,119.99,249.59,149.85,205.8,169.67,166.54,199.26,164.92,159.99,141.21,175.19,145.37,190.51,195.09,204.15,210.83,245.54,266.1,223.53,216.1,196.77,173.82,158.26,144.88,146.36,198.2,203.55,255.88,234.11,262.38,278.33,252.02,274.16,192.89,218.84,204.67,200.15,242.41,251.99,220.12,185.8,205.55,195.85,179.37,215.91,236.37,204.2,126.82,158.68,223.36
Agric eggs medium size BAYELSA,359,352.67,365,449,529.58,491.46,450.83,478.21,480.17,587.84,445.24,461.67,564.82,565.21,562.5,536.36,560.55,556.67,560.77,543.23,552.67,542.55,468,494.29,437.69,587.86,584.62,650,648.67,605,560,530,502.86,519.29,528.13,523.33,526.25,525.29,556.25,530.52,510.77,503.33,474,481.25,445,446.88,430,430.58,433.33,430.14,441.43,538.13
Agric eggs(medium size price of one)BAYELSA,39,35.86,35.33,43,40.42,39.72,37.78,39.29,39.45,47.46,42.14,45.21,50.86,47.13,47.67,46.25,47.86,47.33,50,48.57,49.19,48,40,45.23,40,47.86,46.92,50,49.33,46.21,48.18,48.13,44.23,48.67,48.75,48,48.75,49.44,40,46.33,45.87,40,31.88,40.88,40.75,40.8,40.33,40.26,40.86,40,40,44.75
"Beans brown,sold looseBAYELSA",364.87,366.76,353.15,367.94,298.1,348.3,318.85,276.51,277.64,440.5,414.9,482.88,402.91,408.8,420.44,405.88,418.95,401.98,397.17,403.34,416.78,413.44,388.15,371.04,401.35,454.32,474.78,418.2,445.99,420.11,447.38,430.36,430.28,433.21,448,433.82,425.47,409.04,415.47,432.09,420.51,440.89,440.53,394.29,394.54,362.34,400.05,405.56,400.11,421.04,455.87,455.92
Beans:white black eye. sold looseBAYELSA,316.7,342.56,345.32,346.04,309.62,299.18,347.85,259.06,260.12,413.76,398.7,383.86,378.72,341.02,407.5,380.77,381.46,380.83,369.93,402.63,399.21,388.53,377.79,372.34,384.12,426.71,441.66,405,412.32,405.12,418.96,406.23,410.77,413.53,421.67,417.86,400.57,414.12,408.57,409.07,397.5,411.03,403.19,395.96,394.85,351.76,357.54,358.83,354.74,378.05,405.28,410.86
Beef Bone inBAYELSA,1036.67,823.08,878.1,1188.96,1033.15,952.65,1029.76,1176.36,1181.18,1089.55,832.57,1168.36,1065.14,1180.33,1037.96,1070.71,1229.77,1267.22,1443.39,1390.43,1251.82,1271.33,1290.76,1288.34,1223.07,1250.46,1259.31,1240.59,1203.52,1241.09,1239.59,1279.19,1137.53,1093.75,1082.1,1036.08,1040.38,1050.06,1140.38,1178.32,1198.43,1223,1255.69,1220.93,1236.31,1195.53,1206.55,1234.11,1273.08,1276.68,1218.99,1309.96
"Beef,bonelessBAYELSA",1040.74,1171.57,1009.5,1103.57,1097.57,900.9,1148.86,998.16,921.43,1178.12,1171.9,1392.21,1382.28,1696.43,1556.2,1487.32,1495.95,1544.31,1675.7,1478.51,1481.36,1540.52,1405,1360.33,1409.05,1480.05,1520.87,1535.91,1493.18,1463.35,1431.88,1455.69,1482.28,1434.31,1353.13,1395.48,1407.93,1361.49,1317.93,1360.11,1339.04,1375.77,1396.95,1385.29,1352.59,1398.53,1415.02,1404.21,1431.71,1447.58,1487.39,1507.74
Bread sliced 500gBAYELSA,321.67,310,355.83,402,425,410.42,361.11,380.83,382.39,402.9,339.58,407.5,374.85,329.17,350,300,350,410,417.5,450,396.43,387.14,386.36,364.29,400.91,438.46,420,435.71,410.83,398.44,407.5,414.55,408.33,407.27,440,421.44,420.85,425,453.85,438.46,454.17,450,426.67,434.61,434.62,404.17,441.67,427.27,429.17,431.82,400,446.15
Bread unsliced 500gBAYELSA,295.83,304.17,250,350,280.25,316.67,316.67,391.67,393.27,399.33,350.89,367.5,363.48,327.22,335,345.83,353.85,340,350.77,439.29,408.75,406.71,406.71,405.38,405,425,436.36,439.29,445.83,427.14,412.5,413.64,422.73,428.46,460,419.23,411.54,416.43,411.54,426.92,440.91,425,423.53,436.66,400,412.5,441.67,398.45,400,400,409.09,425
Broken Rice (Ofada)BAYELSA,386.78,388.37,389.96,391.56,393.16,394.77,396.39,398.02,399.65,320.56,321.87,333.89,351.11,397.22,448.15,452.5,455,450,405.71,437.5,422.5,420,420,425,440,454.74,473.81,433.33,418.33,424.72,415.91,425.21,435,438,475,505,480,470.33,450,473.81,421.85,411.11,405,418,421.33,429.93,475,500,475.24,472.7,484.13,505.24
Catfish (obokun) freshBAYELSA,944.11,954,950,945.3,941.9,938.5,951.3,941.9,938.5,935.1,931.7,928.3,1009.4,1142.59,1144.01,1193.68,1171.89,1198.11,1155.75,1121.17,1108.83,1194.29,1108.6,1103.8,1283.94,1257.64,1235.15,1216.53,1232.2,1213.03,1200.14,1192.12,1108.96,1193.87,1218.15,1342.39,1393.77,1411.06,1393.77,1431.39,1407.5,1391.36,1298.47,1254.7,1278.34,1251.3,1298.24,1300.39,1332.25,1318.72,1258.44,1262.54
Catfish :driedBAYELSA,2143.33,2330.51,2429.24,2275.5,2228.44,2181.38,2134.32,2087.27,2040.21,2100,2159.79,2219.58,2279.37,2200,2190,2458.74,2238.33,2276.3,2148.8,2084.07,2061.14,2048.76,2037.04,2023.91,2531.78,2230.84,2137.86,2286.16,2314.86,2152.22,1982.47,1974.22,1839.45,1947.38,1967.9,1842.83,1903.2,2014,1953.2,1977.4,1961.95,1893.5,1899.75,1863.86,1883.52,1912.42,1999.28,1952.45,1977.11,1957.3,1931.06,1943.79
Catfish SmokedBAYELSA,2134.32,2140,2100,2151.35,2157.03,2162.7,2200,2174.05,2179.73,2185.41,2191.08,2196.76,2202.43,2208.11,2213.79,2219.46,2225.14,2150,2140.32,2100,2076.9,2053.09,2053.09,2044.79,1983.63,1908.73,1800.87,1705.29,1733.33,1734.55,1713.22,1727.49,1695.79,1616.75,1702.04,1783.03,1730.65,1679.29,1673.65,1694.64,1694.56,1653.87,1618.56,1655.4,1688.49,1643.66,1617.89,1585.48,1588.09,1536.59,1576.19,1623.9
Chicken FeetBAYELSA,749.21,771.98,720.08,826,710.67,1000,941.06,971.2,975.18,1065.55,846.39,988.45,1060.07,1003.18,1055.6,984.89,960.79,980,970.39,1006.17,909.26,910,915.1,915.16,959.21,933.21,922.17,942.73,992.99,931.82,947.64,960.91,896.46,867.95,875.02,846.21,847.59,831.75,907.59,1018.44,1098.12,1075.08,1039.35,1089.73,1092.33,1134.2,1236.99,1224.93,1228.71,1233.8,1224.94,1280.98
Chicken WingsBAYELSA,886.35,808.49,834.26,845.32,828.72,1000,904.66,830.8,834.2,1048.81,825.8,935.16,1060.58,1086.67,1093.74,951.39,989.32,987.13,988.22,1108.85,1108.95,1110.55,1155,1147.45,1179.05,1117.12,1170.25,1186.55,1158.26,1184.62,1194.37,1155.17,1179.61,1109.52,1122.44,1167.02,1172.34,1121.6,1207.34,1228.39,1202.42,1195.71,1156.11,1172.38,1147.95,1204.08,1212.05,1255.96,1240.66,1253.26,1275.24,1345.58
Dried Fish SardineBAYELSA,1683.39,1618.89,1669.38,1674.19,1628.13,1614.12,1662.47,1677.84,1679.47,1657.78,1665.06,1661.03,1615.29,1652.3,1657.05,1655.54,1655.25,1696.68,1663.31,1571.55,1486.69,1484.84,1365.06,1338.4,1416.8,1577.49,1423.25,1582.4,1549.96,1500,1480.93,1394.93,1366.09,1330.36,1213.08,1309.19,1317.01,1400.79,1397.01,1420.88,1405.62,1405.81,1395.06,1355.94,1389.1,1403.37,1549.99,1554.06,1497.04,1454.67,1388.79,1467.66
Evaporated tinned milk carnation 170gBAYELSA,130,125,130,145,132.5,136.67,136.67,130,130.53,143.39,145,148.32,165.38,134.17,138,140,150,163.33,135,153.33,153.35,153.33,153.33,152,157.5,156.67,156,150.56,151.43,151.53,152,148.33,143.57,146.43,148.75,147.14,146.67,148.5,146.67,150,142.22,143.33,141.67,145,142.86,141.67,138,140,150,152,150,153.33
"Evaporated tinned milk(peak), 170gBAYELSA",145,133.43,137.3,144.5,144.46,143.19,142.22,143.57,144.16,158.64,145.36,149.29,184.89,159.58,159.69,197.5,199.29,193.33,197.69,194.67,205.63,198,198,181.54,192.31,181.79,196.15,194,188,181.9,183.85,184.62,187.69,190,187,183.33,182.67,185.67,182.67,185.67,182.27,180,180.67,181.11,178.13,176.25,180.67,183.57,184.67,181.54,185,187.5
Frozen chickenBAYELSA,1550,1575,1320,1250,1366.67,1500,1341.67,1496.43,1404.2,1394.48,1355.54,1666.67,1679.33,1766.67,1750,1781.82,1750,1745,1850,1838.89,1839.05,2050,2000,1885,1900,1880,1975,1912.5,2011.11,2009.38,1845.45,1890.91,1808.33,1900.09,2000,2000,2087.5,1972.73,2087.5,2070,1962.5,2024.44,2075,2030,2200,2166.67,1994.29,2016.67,2070,2107.5,2125,2166.67
"Gari white,sold looseBAYELSA",251.68,244.42,281.82,315.98,294.05,238.54,318.75,364.58,366.08,256.18,339.55,363.89,286.89,276.04,301.28,304.22,305.45,320,331.43,291.4,291.43,258,242.7,240.15,256.64,250.49,269.22,242.46,255.99,248.21,237.95,257.51,243.79,238.95,238.73,231.75,215.65,226.23,215.65,264.3,230.46,200.39,248.61,251.14,240.79,259.02,264.18,246.88,247.52,270.03,305.21,325.48
"Gari yellow,sold looseBAYELSA",289.41,252.75,264.31,327.78,332.14,254.17,302.43,332.44,333.8,267.65,380.16,395.12,331.01,328.02,357.78,365.13,365.25,374.91,389.29,351.01,351.04,322.86,303.56,288.31,270.07,262.71,281.3,253.71,271.27,221.38,259.49,265.93,247.55,245.14,246.36,251.67,219.41,245.96,219.41,255.91,235.18,207.33,253.87,255.77,242.26,276.29,275.51,250.49,251.49,261.33,294.65,345.48
"Groundnut oil: 1 bottle, specify bottleBAYELSA",328.88,377.77,373.33,411.11,413.33,400,413.33,400,409.2,423.68,433.33,438.89,424.45,463.33,492.86,466.67,489.83,503.11,500.33,500,448.24,503.86,502.76,501,533.33,600,577.78,578.18,581.07,581.48,568.67,570.53,575.14,533.33,544.44,550.03,533.33,533.33,533.33,540.73,545.06,566.67,496.67,503.33,466.67,466.67,466.67,466.67,437.5,450.26,466.67,523.33
Iced SardineBAYELSA,755.51,753.34,748.97,740.47,746.61,757.91,760.44,766.75,767.31,783.58,778.47,765.64,767.21,812.94,797.98,750.05,755.94,759.46,753.88,745.56,731.8,794.02,778.47,773.4,899.98,1087.03,1070.24,1118.21,1144.53,1036.14,1102.6,1033.89,975.06,1035.86,1043.72,984.83,948.57,1063.99,998.57,1092.8,952.14,905.8,905.07,955.38,950.38,1012.88,1286.87,1277.76,1220.08,1205.35,1257.43,1238.83
Irish potatoBAYELSA,186.85,189.89,184.71,185.75,188.83,196.11,190.98,187.46,188.15,187.17,181.75,191.75,190.66,195.07,193.82,192.16,196.73,191.42,198.94,196.12,187.81,179.31,179.88,176.39,236.11,258,257.07,274.91,303.01,303.22,320.25,315.45,354.11,375.14,390.81,370.5,357.9,350.57,377.9,388.58,371.59,338.09,303.69,350.33,360,376.88,329.17,326.25,312.64,315.17,330.56,347.5
Mackerel : frozenBAYELSA,801.3,802,802.7,803.4,804.1,804.8,848.5,749.38,788.2,878.15,880,881.85,798.84,800,895.5,879.4,880.01,880.62,881.22,881.83,872.13,944.29,927.2,920.03,1053.72,1056.43,934.02,1067.4,1093.52,977.09,998.47,1001.32,862.65,986.62,939.74,1078.69,1023.93,990.54,1023.93,1100.79,958.67,929.06,926.76,975.1,952.1,918.21,958.88,971.72,945.31,939.62,958.49,996.09
Maize grain white sold looseBAYELSA,109.62,118.25,124.25,120.72,135.96,153.32,157.09,180.45,192.27,204.09,200,198.43,201.98,200,218.94,215.4,238,256.68,250,250.04,207.27,257.06,257.02,251.95,267.6,271.67,317.95,296.36,277.87,268.48,253.56,301.51,300.6,298.74,270.99,300.24,282.52,300.11,282.52,297.9,298.52,238.23,199.05,205.24,281.96,219.64,260.19,269.39,285.16,292.49,287.83,307.29
Maize grain yellow sold looseBAYELSA,197.07,189.81,201.56,216.28,220.79,241.86,240.57,242.91,221.63,200.36,219.96,220.11,246.76,240.76,240,245,256.91,256.82,246.09,283.13,231.76,257.2,257.18,250.42,268.22,307.18,361.13,323.16,312.98,309.17,302.6,347.81,353.05,309.01,316.75,333.02,302.75,349.8,302.75,326.57,317.81,283.35,237.24,241.62,276.92,200.96,257.49,277.57,295.62,310.34,304.86,353.32
Mudfish (aro) freshBAYELSA,859.99,749.5,1124.24,951.51,1036.33,1230.38,744.77,1236.03,1245.2,1242.27,1278.81,1288.89,1309.7,1324.71,1377.05,1367.58,1368.55,1311.93,1381.99,1420.94,1421.07,1392.66,1378.81,1355.15,1404.27,1417.05,1439.32,1382.77,1312.53,1313.44,1300.69,1288.46,1105.84,1116.24,1130.56,1101.79,1121.53,1096.02,1121.53,1155.26,1033.81,1013.59,1055.26,1047.08,1089.55,1120.66,1136.29,1117.65,1087.18,1065.72,1098.61,1174.98
Mudfish : driedBAYELSA,942.65,1143.29,1238.39,1201.6,1374.94,1302.97,1234.96,1251.8,1256.93,1391.79,925.07,1210.36,1329.75,1704.58,2043.5,2251.95,2525.38,2685.38,1781.42,1537.43,1625.55,1661.34,1655.07,1603.11,1883.67,1988.32,1759.47,1792.46,1851.37,2000,1963.97,1894.44,1834.18,1862.73,1960.48,1837.07,1859.79,2007.32,1989.79,2056.08,1998.25,1958.58,1892.33,1881.46,1857.89,1878.28,1800.51,1834.12,1819.13,1767.51,1737.05,1809.36
Onion bulbBAYELSA,223.3,271.18,282.16,174.71,166.34,194.45,261.21,218.16,219.06,304.57,313.99,351.72,301.3,309.35,311.11,245.23,235.57,242.38,249.08,303.35,286.87,279.34,278.45,265.87,283.23,373.12,291.86,251.28,256.72,257.23,242.28,235.57,209.87,219.33,343.72,426.12,442.74,356.4,342.74,356.94,378.89,325,344.97,370.91,348.03,311.67,283.32,299.96,300.01,345.07,378.01,345.12
"Palm oil: 1 bottle,specify bottleBAYELSA",370,332.37,349.42,347.33,342.66,358.92,402.22,423.33,423.86,424.38,465.95,472.85,463.64,496.11,461.48,503.33,479.12,489.39,511.67,525,464.9,490.12,495.12,492,506.1,628.57,554.36,591.11,544.44,600,605.56,587.18,592.4,593.33,520.83,500.44,500,477.78,500,550.28,507.02,500,444.44,500.25,533.33,535.45,480.54,462.86,428.89,429.05,438.1,500.46
Plantain(ripe)BAYELSA,156.24,177.75,183.13,192.04,175.51,207.45,218.11,210.07,229.14,248.2,252.77,224.67,240.69,233.42,251.31,269.14,236.23,256.48,237.33,232.94,242.49,256.86,244.13,226.48,258.48,269.86,257.61,218.06,195.8,223.63,200.55,186.4,176.16,183.14,172.13,182.46,186.24,191.23,186.24,203.3,226.09,193.54,247.52,200.64,204.26,217.04,247.44,206.37,238,209.57,239.28,240.85
Plantain(unripe)BAYELSA,208.72,198.77,200,194.99,179.34,195.02,153.79,173.4,181.33,173.97,153.38,168.95,176.95,196.63,208.37,200,208.58,215,210,205.03,184.45,215.32,211.1,211.21,254.04,268.47,250.78,198.99,191.28,201.95,184.81,168.57,167.69,171.03,167.74,173.51,180.71,184.08,181.71,184.1,184.66,190.63,219.39,193.21,195.2,206.66,196.48,194.41,208.94,195.54,189.95,218.45
Rice agric sold looseBAYELSA,302.16,266.79,325.19,307.74,362.52,338.23,389.75,407.86,409.53,423.57,496.61,461.83,355.67,369.58,355.37,248,277.78,280.58,301.6,387.5,409.51,406.67,400.57,400.96,405.9,485.96,495.33,480.41,476.7,477.03,483.04,507.5,550,513.63,503.76,566.67,527.14,536.78,497.14,512.7,502,488.89,433.33,432,517.54,517.64,554.71,579.66,549.72,530.9,546.74,591.17
Rice local sold looseBAYELSA,253.15,253.68,259.26,292.6,300.93,333.09,355.56,314.72,316.01,343.76,432.53,490.12,372.68,320.68,350.18,357.47,390.63,403.01,399.76,410.14,389.24,382.08,378.4,373.01,403.19,415.38,403.75,397.03,374.18,354.55,382.02,420.02,429.87,418.1,448.06,428.26,412.56,428.73,412.56,416.93,407.69,411.72,406.12,407.59,433.73,437.78,455.29,484.27,463.76,457.82,454.74,530.88
Rice Medium GrainedBAYELSA,352.38,237.96,283.71,272.99,328.11,361.96,332.96,348.15,349.58,341.46,341.5,340,387.39,385,389.51,390.83,420.37,404.17,450,400,421.15,415,400.22,400,418.89,460.12,513.27,455,431.25,430.07,457.54,458.13,437.92,457.22,477.36,468.18,450,473.13,450,471.43,452.22,445,491.11,494.33,497.64,498.5,502.82,530.95,481.71,480.38,517.23,580
"Rice,imported high quality sold looseBAYELSA",356.24,361.64,329.97,311.76,349.92,375.68,381.27,389.14,390.74,425.79,521.08,623.48,448.54,508.33,504.64,475,503.17,539.29,534.92,451.11,457.65,443.33,411.17,410.41,415.87,517,540.17,508.25,504.91,495.71,510.33,521.65,512.14,515.09,519.2,521.33,507.14,515.21,507.14,514.64,493.38,493.33,452.5,460.22,558.82,559.21,592.57,595.5,602.77,577.6,601.16,659.64
Sweet potatoBAYELSA,158.66,157.82,141.48,158.74,156.48,149.67,151.63,153.44,153.81,156.73,153.16,152.38,159.91,159.32,156.49,156.71,162.58,162.89,165.83,164.94,151.79,146.76,130.19,130.12,162.78,167.03,215.87,276.46,271.54,261.11,221.85,223.85,208.24,202.61,214.86,196.15,201.06,220.63,201.06,227.3,215.47,222.64,224.51,230.8,197.26,203.24,251.69,219.75,226.3,221.93,243.74,244.57
Tilapia fish (epiya) freshBAYELSA,711.12,676.67,668.9,665.58,657.57,678.65,661.11,665.24,662.84,661.66,671.03,671.63,673.67,694.89,693.7,695.92,692.5,685.24,695.41,694.7,687.71,724.04,724.04,721.3,817.6,863.8,976.13,1022.39,1121.09,1109.33,1170.49,1216.09,1236.52,1206.35,1347.04,1262.31,1288.88,1233.26,1288.88,1303.7,1278.68,1224.08,1184.4,1157.75,1208.86,1183.35,1259.3,1220.27,1258.23,1239.42,1205.2,1283
Titus:frozenBAYELSA,671.37,667.3,627.42,638.25,630.56,627.62,656.61,652.17,653.66,651.78,640.91,638.73,630.94,634.58,637.48,669.31,652.19,652.04,656.11,651.62,650.34,747.01,740.87,736.24,851.09,877.64,907.68,945.82,1009.61,961.41,958.77,1016.19,952.99,957.05,988.16,999.28,903.1,1034.63,903.1,1081.39,918.84,932.16,950.57,1000.82,1076.34,1029.72,961.49,1003.47,1043.19,987.86,924.66,1002.96
TomatoBAYELSA,294.62,295.58,265.89,307.4,538.46,500.18,416.07,387.07,388.66,321.17,478.77,488.29,369.78,342.88,375.83,380.62,426.75,491.34,508.27,435.44,411.73,381.15,369.52,367.97,365.15,386.75,301.27,370.55,386.94,363.02,418.46,425.07,452.55,460.02,391.25,413.57,396.69,399.23,396.69,404.12,420.66,378.59,319.18,343.45,311.89,354.02,362.09,376.68,348.84,400.13,397.49,462.22
"Vegetable oil:1 bottle,specify bottleBAYELSA",347.22,366.66,322.66,313.32,372.62,387.41,342.85,352.38,350,352.59,380,406.66,420.13,445.23,422.22,459.26,456.8,447.22,487.5,501.33,408.38,447.89,447.99,436.67,450.67,597.95,533.33,564.44,550,532.5,533.33,512.82,534.35,585.71,517.78,518.22,506.97,524.44,506.97,548.26,521.66,583.33,570.48,528.33,497.62,499.67,503.08,521.11,516.42,517.69,485.71,502.86
Wheat flour: prepacked (golden penny 2kg)BAYELSA,550,550,545.83,533.33,597.91,615,593.33,617.5,591.41,608.46,630,662.5,657.11,665.33,679.05,700,697.89,700,685.89,701.66,653.65,701.05,680.05,679.82,705.56,708,790,777.27,769,750,751.11,742,700,716.67,725.71,735.56,730,722.5,730,737.27,703.33,719,742.31,757.5,721.11,730,747.14,752.86,742.86,746.43,788.3,802.5
Yam tuberBAYELSA,184.29,142.18,252.79,267.48,213.92,315.55,451.88,318.88,320.19,325.02,459.4,500.45,369.37,355.19,407.32,360.77,373.45,373.8,403.9,476.55,333.48,318.81,312.5,307.22,318.28,319.88,412.13,444.97,414.23,445.77,399.21,371.49,351.3,345.75,306.81,292.03,278.47,309.51,298.47,314.42,320.6,274.67,244.05,275,282.28,329.45,393.79,402.72,428.45,421.39,417.64,437.13
Agric eggs medium sizeOSUN,305.16,308.28,323.97,316.67,311.49,310.36,321,311,315,468.21,398.73,431.59,543.95,540.83,562.5,523.68,520.59,460.26,458.61,427.65,434,420.1,415.41,489.29,420,455,498.13,555,514.35,494.25,450.2,411.58,414.38,490,425,412.22,413.91,426.67,411.67,410.5,396.36,485,454.12,421.25,412.5,427,429.52,415,411.25,409.47,425.71,422.67
Agric eggs(medium size price of one)OSUN,27.08,28.17,29.06,28,28.52,29.93,30,30.56,29.69,37.55,39.55,35.28,47.73,42.25,47.56,45.71,40,40.82,40.29,39.96,38.44,38.33,35.22,37.67,40,36.5,38.16,38.33,40,36.75,38.3,38.06,36.33,37.5,37.94,37.97,40,38.68,37.41,36.97,38,37.92,38.06,37.82,38.24,37.75,37.5,36.79,36.58,38.06,36.39,38.93
"Beans brown,sold looseOSUN",222.43,226.02,247.17,241.24,249.65,266.9,259.38,270.81,309.11,392.74,299.29,307.96,383.91,356.81,340,349.45,374.69,386.11,415.56,452.38,428,404.71,380.94,413.66,450,421.57,465.89,438.82,500,515.74,485.84,469.67,477.19,477.02,420.37,424.07,423.33,398.52,387.44,360.17,324.48,360.61,310.42,258.66,257.5,257.51,299,284.05,246,226.3,222.94,265.89
Beans:white black eye. sold looseOSUN,160.83,170.11,178.57,187.92,210.15,236.75,216.63,232.5,263.19,276.61,255.35,234.51,275.95,274,301.05,304.04,324.26,336.51,350.14,349.08,327.11,306.67,306.67,284.21,350,337.19,341.91,344.89,367.24,367.43,357.16,349.82,342.92,343.15,317.41,304.12,323.6,296.63,285.31,271.41,271.21,251.11,211.99,192.54,207.65,219.58,230.92,224.51,232.81,189.83,174.81,207.26
Beef Bone inOSUN,570.05,592.01,629.65,637.98,588.9,603.29,615.46,826.97,717.25,778.53,1013.83,915.48,901,918.83,956.84,1004.71,1067.09,1078.4,1072.75,979.49,956.2,961.01,958.31,942.44,980,869.61,752.24,776.04,848.31,776.87,759.39,754.05,680.83,711.9,726.25,778.14,784.47,709.6,722.52,757.79,789.32,812.94,814.33,789.53,783.81,812.04,829.34,798.94,807.92,725.22,700.45,786.22
"Beef,bonelessOSUN",917.64,1044.9,959.91,1032.91,1041.28,1034.52,1062.75,1049.42,1000.96,1331.86,1165.25,1052.6,1261.3,1093.27,1247.63,1308.18,1371.39,1354.86,1325.64,1263.43,1300.21,1315.19,1360.25,1290.12,1290.12,1164.35,1258.18,1216.21,1236.94,1219.81,1206.52,1247.49,1271.98,1276.82,1319.07,1245.58,1286.89,1202.21,1206.81,1253.79,1240.8,1211.58,1256.52,1226.9,1235.57,1263.75,1214.24,1225.05,1238.19,1158.55,1206.68,1284.18
Bread sliced 500gOSUN,211.75,217.22,239.44,251.25,250,258.33,300,257.73,258.17,286.88,303.13,312.5,277.44,300,303.13,309.23,314.29,326.15,308.33,300,308.75,301.17,308.33,311.11,300,310.71,303.33,307.14,308.28,312.5,302.78,310.71,309.09,325,328.57,327.78,312.16,300,300,310,310.71,307.14,312.5,320.83,333.33,318.18,330.77,319.44,319.09,322.73,321.43,331.82
Bread unsliced 500gOSUN,151.67,296,193.3,200,200,250,300,200,200.34,244.78,250,247.22,215,252.78,250,247.5,241.18,250,250,250,250,225.94,247.06,253.57,280,252.63,250,250,249.6,252.63,252.27,257.89,253.13,263.89,247.06,262.5,270,247.06,239.58,261.11,252.63,250,253.13,252.27,253.33,250,255,253.57,257.5,259.38,262.5,278.33
Broken Rice (Ofada)OSUN,250.11,250.54,250.96,323.5,324.05,324.6,325.15,338.24,338.81,424.79,464.71,505.16,530.14,452.94,438.24,440,453.25,446.63,449.94,450.11,450.38,450.38,450.38,452.94,352.94,365,488.24,482.06,496.25,436.9,432.81,436.31,433.25,412.56,428.73,372.5,385.13,381.2,388.02,375.39,355.56,361.02,365.12,360.55,375,381.11,372.65,402.65,411,377.1,400,430.15
Catfish (obokun) freshOSUN,650,671.43,680,685.72,600,600,700,700,720,688.63,675,700,782.11,700,800,800,839.67,909.79,915,909.24,802.78,889.49,956.35,838.89,838.89,885.83,825.07,863.25,866.04,903.17,870.34,883.23,886.33,869.57,849.07,869.57,867.53,925.93,899.2,877.13,842.11,888.89,863.54,888.88,850,840,879.52,902.38,871.15,845.74,900,975
Catfish :driedOSUN,1500.7,1580.47,1569.83,1505.93,1590.33,1540.92,1506.7,1621.88,1664.44,1659.92,1647.46,1648.95,1657.62,1675,1662.12,1681.21,1656.48,1604.18,1629.72,1624.86,1672.65,1604.42,1728.62,1577.96,1582.12,1743.8,1749.79,1710.51,1649.6,1661.07,1689.09,1696.51,1703.02,1713.91,1820.28,1990.5,1972.85,1909.92,1892.75,1926.27,1901.39,1882.65,1863.8,1876.03,1829.52,1773.61,1688.93,1705.26,1680.29,1675.47,1679.31,1749.79
Catfish SmokedOSUN,1071.77,1066.67,1000,1120.37,1240.74,1114.28,1250,1263.53,1305,1313.35,1283.33,1266.67,1271.97,1308.46,1300,1311.42,1300,1300,1320,1320,1298.57,1362.5,1205.09,1285.71,1200,1225,1321.06,1306.68,1288.06,1300,1350.97,1372.39,1382.63,1276.19,1222.22,1350,1299.6,1396.83,1408.17,1485.71,1509.32,1583.12,1573.97,1585.65,1542.89,1518.23,1592.03,1610.58,1595.02,1600,1650,1700
Chicken FeetOSUN,600.54,600,601.02,602.04,603.07,650,651.11,652.21,653.32,900.84,890.8,900.22,900,910.76,900,900,1000,1100,1166.67,990.21,990.8,990.8,900,961.19,961.19,955,932.25,825,917.39,918.17,917.02,918,917.14,906.32,914.62,900,915.18,909.31,900.12,900,892,851.23,798.33,816.31,789.3,750,780,780,759.03,800,850,900
Chicken WingsOSUN,870.34,850,851.45,900,900,900,850,900,1000,1050.29,900,1000,1000,950,1066.67,1000,1050,1150,1100,1125.66,1200,1200,1200,1068.15,1068.15,1100,1150,1100,1114.69,1150,1166.67,1166.67,1200,1200,1200,1216.67,1152.74,1016.67,1000,1000,1020,999.31,971.11,1010,1000.31,970,950,950,960.15,1010,1028,1070
Dried Fish SardineOSUN,1590.78,1583.81,1588.3,1592.61,1595.25,1583.33,1590,1592.78,1597.96,1603.83,1670.59,1688.16,1684.44,1686.32,1690.74,1688.24,1690.56,1700,1709.57,1709.57,1704.03,1757.58,1605.71,1640,1640,1500,1533.33,1514.46,1543.62,1526.85,1520,1563.89,1566.97,1528.39,1585.58,1570.92,1549.5,1538.46,1522.27,1591.66,1581.96,1578.15,1522.03,1542.14,1484.39,1438.34,1515.24,1538.72,1474.36,1566.67,1581.9,1642.86
Evaporated tinned milk carnation 170gOSUN,120,120,130,125,130,130,130,130,120,126.59,155,120,118.36,150,143.25,155,180,187.5,193.24,189.45,189.56,189.56,189.56,199.23,195,195,180,190,186.83,189.37,189.3,189.36,189.3,187.32,188.82,160,186.69,170,177.02,175.32,175.95,174.23,171.02,173.72,172.03,170,174.54,170,169.02,172.72,175,185
"Evaporated tinned milk(peak), 170gOSUN",143.33,142.78,144.28,148.75,151.43,142.83,147.47,147.83,155,166.67,151.63,153.89,150,171,200,199.38,196.84,197.62,197.23,202.67,205.31,215,215,197.43,200,192.78,195.26,194.21,205,195.22,202.5,195.26,193.33,198.95,192.63,205.29,200,200.56,198.85,200,202.27,201.67,201.25,202.08,200.13,199,205.5,202,203.33,194.44,197.5,203.85
Frozen chickenOSUN,1000,1100,1000,1100,1000,1033.33,1200,1202.04,1100,1291.03,1200,1300,1296.08,1350,1500,1550,1500,1450,1500,1645.33,1646.32,1500,1400,1550,1550,1500,1450,1550,1570.9,1400,1350,1433.33,1466.67,1500,1450,1600,1485.08,1500,1510,1600,1650,1700,1750,1722.5,1923.04,1875,1816.67,1795,1758.33,1698,1650,1700
"Gari white,sold looseOSUN",83.5,95,110.19,153.64,159.85,163.19,139.77,146.83,148.33,183.35,164.35,161.11,180,203.75,252.19,263.13,266.05,272.89,272.24,244.08,222.85,205.83,194.21,195,140,135,137.12,144.13,148.33,146.74,140.75,130.3,156.04,139.17,110.42,114.36,136.67,128.51,108.33,119.56,112.83,106.67,129.17,139.21,125,140.79,122.33,117.92,124.31,107.5,111.57,187.7
"Gari yellow,sold looseOSUN",100,100,112.26,162.01,166.17,165.9,139.86,155.47,156.25,186.67,173.23,169.79,234.38,229.66,265.79,272.13,280.29,294.17,294.58,285.79,251.83,215,215.09,212.38,145.67,139.81,148.14,153.92,200,252.64,250.35,241.23,223.04,176.11,138.06,121.66,142.55,125.98,112.33,150.66,119.23,116.03,113.24,123.61,125,114.66,136.05,127.08,128.06,113.6,119.01,193.46
"Groundnut oil: 1 bottle, specify bottleOSUN",351.11,370,406.67,418,426.67,443.33,480,513.33,493.33,445.36,450,455.55,461.73,473.33,454.67,473.33,507.03,498.22,500,500,467.86,498.96,498.96,466.67,600.23,600,600,584.76,594.88,591.67,564,565.33,561.67,583.33,575,505,577.16,607.41,608.33,581.67,554.5,613.33,575.56,600,600.01,622.22,632,613.33,647.62,636.67,648.53,689.33
Iced SardineOSUN,748.96,781.11,781.87,774.98,771.78,774.68,799.81,789.52,790.34,803.91,805.22,804.69,812.35,819.16,821.11,825.37,825.64,827.52,845.86,894.19,842.7,861.27,740.98,692.99,692.99,724.7,601.37,607.23,661.9,646.79,688.03,674.77,656.03,595.68,612.75,652.38,651.22,641.83,656.18,670.13,679.77,650.28,679.71,668.87,719.44,750.14,740.34,697.88,658.04,708.83,646.48,716.38
Irish potatoOSUN,221.25,228.95,220,225,230.9,250,250.53,251.05,250,257.49,265,255.89,268.04,270,270,270,269.88,275,270,270.55,270,265,260,300,350,375,337.5,383.33,396.81,406.67,400,395,350,300,350,250,317.86,300,300,300,289.11,300,251,300,276.45,247.78,245,260,225,250,250,265
Mackerel : frozenOSUN,681.72,652.9,651.93,615.16,739.84,720.87,727.13,794.45,756.52,891.1,883.16,857.88,833.79,823.86,842.35,899.39,904.95,900,907.42,878.78,861.42,851.44,888.45,923.8,784.31,892.96,884.83,867.42,879.72,822.81,893.85,832.93,855.71,907.19,885.56,870.17,864.79,881.15,898.1,859.25,902.33,848.34,901.68,954.13,949.66,917.86,928.34,953.56,963.55,927.43,985.15,1026.93
Maize grain white sold looseOSUN,66.26,75.27,81.81,90.3,102.33,117.81,120.83,135.97,139.14,129,141.67,135.76,138.78,149.09,153.82,159.45,165.97,171.91,155.11,157.99,145.41,172.16,172.16,163.31,150.55,150.55,142,155.31,158.31,170.6,174.67,174.47,179.38,156.88,128.98,105.41,133.93,135.96,115.98,99.84,106.32,97.92,95.98,96.46,93.38,96.12,104.63,143.95,95.39,102.5,117.13,151.85
Maize grain yellow sold looseOSUN,70.69,79.22,86.49,95.21,104.09,115.63,122.09,138.03,149.12,125.36,145.58,140.86,143.51,154.2,165.4,170.77,170.81,179.02,168.71,134.5,151.04,179.28,179.28,174.34,180.22,180.22,154.78,164,167.65,183.55,183,186.02,194.71,178.95,140.05,112.92,135,132,105.03,123.96,123.5,111.36,101.61,102.21,97.79,104.24,101.25,110.29,98.84,103.44,120.37,158.54
Mudfish (aro) freshOSUN,660.19,580.43,550,628.55,667.39,667.39,833.33,730.95,750,815.08,784.62,783.33,800,887.88,891.42,898.55,905.96,914.44,910.2,878.48,933.05,865.27,873.85,869.57,869.57,863.22,951.91,985.61,990.8,985.83,957.38,1187.5,1213.73,1096.97,1005.71,949.63,1004.82,936.26,925.59,934.78,894.45,820,839.35,876.06,896.55,903.23,961.03,976.67,914.43,980,950,995.13
Mudfish : driedOSUN,1245.66,1367.52,1381.77,1410.35,1584.72,1459.85,1493.94,1502.38,1472.15,1965.19,1916.67,1828.89,1911.34,1827.75,1841.22,2263.06,2226.12,2229.76,2183.36,1940.25,1941.41,1868.05,1705.34,1646.83,1646.83,1505.63,1503.7,1518.58,1538.63,1557.86,1510.06,1620.41,1688.74,1733.33,1853.97,1676.59,1612.86,1650,1645.99,1662.99,1625.5,1600.18,1590.84,1598.9,1586.81,1560,1607.62,1617.95,1575.21,1531.75,1600,1666.67
Onion bulbOSUN,170.1,133.27,133.14,111.55,144.66,140.42,273.02,157.73,283.38,255.87,291.11,280.64,239.78,238.21,221.05,162.59,156.66,185.39,183.66,233.09,245.71,228.18,247.83,266.22,350.88,350,255.62,285.36,290.93,275.96,269.88,289.99,291.3,251.95,241.01,225.27,250,235.86,207.74,240.59,248.86,202.19,200.15,173.52,148.63,189.87,207.59,229.22,200.24,247.21,209.82,196.36
"Palm oil: 1 bottle,specify bottleOSUN",277.46,303.11,309.66,291.6,287.18,270,278.33,300,325.85,358.9,400.81,400,406.5,417.66,425.36,471.91,458.61,428.5,429.85,510.53,404.98,429.14,429.14,444.17,435.83,436.3,430,430.37,454.91,433.33,434.44,432,477.78,468.1,460.95,458.52,441.4,436.49,414.36,424.93,439.65,417.78,428.57,395.07,388.15,411.33,452,420,422.96,397.89,395.83,462.22
Plantain(ripe)OSUN,150.92,161.94,131.56,147.79,140.08,146.83,158.06,137.93,159.12,185.94,180,184.61,201.28,198.67,205.47,210.83,219.58,219.14,227.31,257.21,193.13,219.46,213.8,278.63,203.51,252.7,238.54,259.55,316.13,383.06,283.86,277.14,281.68,262.4,227.48,196.56,225.22,236.7,226.14,220.47,204.92,205.23,203.8,225.09,212.04,182.2,176.62,156.62,152.75,163.8,174.91,235.67
Plantain(unripe)OSUN,184.51,196.75,193.92,197.86,181.65,194.9,186.5,202,198.4,204.98,199.66,204.91,217.52,208.53,200,181.94,180.86,207.68,183.94,152.22,199.32,207.99,200,267.72,255.3,276.24,293.74,243.47,277.18,280.79,295.09,241.6,269.18,252.73,238.49,203.45,247.27,265.31,254.8,268.89,234.84,217.65,202.99,186.84,186.58,141.21,145.82,176.63,178.73,143.6,175.2,198.69
Rice agric sold looseOSUN,230.12,211.76,264.71,294.1,294.6,295.1,295.6,296.1,296.61,305.27,345.59,382.35,292.83,372.75,352.94,352.94,394.12,394.12,394.26,294.12,308.82,308.82,308.82,344.24,342.5,325,283.87,281.7,301.05,306.82,306.08,282.13,302.98,311.02,300.55,303,303.89,305.29,295.63,303.25,323.06,330.21,303.21,318.62,321.02,359.3,394.12,351.22,301.14,324.36,297.88,354.12
Rice local sold looseOSUN,155.88,185.95,190.24,210.3,227.16,237.75,216.18,278.99,387.06,259.15,276.01,284.56,263.58,280.52,305.43,286.88,314.26,317.31,314.31,281.9,274.71,262.75,241.91,239.71,230.15,230.15,252.73,237.68,266.23,260.39,255.71,264.12,260,271.37,263.87,286.54,256.58,252.08,267.44,249.63,250.74,240,238.01,242.35,280.32,307.09,345.74,358.7,344.02,291.33,315.92,360.19
Rice Medium GrainedOSUN,193.64,211.04,236.04,269.87,292.92,300.61,286.01,343.52,374.49,287.81,371.48,351.47,290.56,365.75,390.52,361.56,384.84,380.29,371.36,320.42,314.34,303.8,298.04,298.63,298.63,294.71,293.07,305.79,323.33,315.54,304.53,305.09,323.69,335.69,312.75,315.06,310.65,308.24,294.12,290.88,297.55,284.8,287.89,297.93,324.03,352.63,353.53,350.53,383.48,433.87,450,519.3
"Rice,imported high quality sold looseOSUN",215.44,251.96,266.67,292.16,323.53,286.27,281.62,355.88,367.65,356.8,466.91,354.9,372.79,392.15,382.35,339.04,350.81,357.06,338.24,325,313.24,306.72,291.18,340.59,340.59,312.75,304.16,313.96,325.06,318.38,304.2,322.69,331.99,345.88,382.35,371.91,331.16,330.88,320.73,294.12,307.46,294.12,302.94,299.01,326.49,320.21,350.73,364.12,363.27,406.47,400,483.87
Sweet potatoOSUN,114.49,114.2,118.69,115.71,116.58,117.43,116.87,114.33,117.53,119.26,120,119.51,118.07,122.92,123.14,126.81,125.48,127.03,127.06,128.44,125.24,108.23,98.27,110.91,125.14,130,111.03,132.9,150.83,164.16,136.46,141.43,152.81,132.96,138.68,104.74,135.1,122.06,95.3,115.6,95.51,97.17,142.23,120.96,113.76,113.21,124.26,89.21,89.02,69.74,76.62,100.33
Tilapia fish (epiya) freshOSUN,850,851.37,852.73,850,857.27,874.19,881.5,884.97,886.47,888.87,884.17,890,928.41,927.34,928.07,921.85,952.27,952.89,967.1,977.82,968.78,914.03,914.03,846.91,846.91,764.39,844.58,871.71,901.15,893.08,800,820.37,800,788.89,770.37,750,800.95,716.13,734.78,724.24,690,687.1,669.14,712.67,759.62,750,809.09,794.29,766.67,700,670,714.29
Titus:frozenOSUN,736.93,742.53,741.72,765.21,766.78,781.64,795.09,773.33,793.94,822.6,825.94,824.44,859.82,873.25,891.54,911.09,936.43,932.86,959.39,966.33,973.04,978.15,840.07,851.14,851.14,791.77,918.22,897.07,906.41,873.99,820.31,829.79,836.8,782.33,841.14,717.05,838.83,770.08,778.24,798.05,759.49,803.73,842.63,832.63,854.5,883.33,832.84,797.49,770.32,724.39,665.88,723.08
TomatoOSUN,127.4,113.04,141.97,187.35,191.91,222.43,183.66,114.89,132.57,195.58,167.96,169.67,192.84,175.8,184.19,225.42,352.55,382.14,373.45,373.95,293.48,221.79,215.35,180.77,180.12,172.34,214.14,249.57,253.47,265.17,269.39,281.93,306.53,272.21,205.12,174.98,207.08,202.38,197.99,208.13,219.66,203.37,208.06,233.18,205.31,165.35,201.91,212.62,167.81,216.65,202.26,300.1
"Vegetable oil:1 bottle,specify bottleOSUN",332.66,356.33,375.77,403.79,412.12,415.52,425,428,631.11,583.77,695.27,713.42,616.48,699.77,687.26,661.6,584.86,624.83,592.82,595.66,650.87,625.76,625.76,552.38,552.38,540.74,433.33,440.35,485.95,506.67,548.89,538.25,535.42,540.51,533.33,502.11,486.67,434.81,439.88,433.33,440.12,433.33,431.43,453.66,435.69,440.66,474,509.17,544.31,605.19,610.2,638.22
Wheat flour: prepacked (golden penny 2kg)OSUNOSUN,525.57,563.33,571.19,595.83,595,553.33,547.5,552.85,550,550,553.88,540.83,569.04,525,540.62,550,606.68,625,641,646.11,547.89,625.93,625.93,641.25,681.25,570,623.93,623.33,657.74,694.64,687.69,686.15,680.89,602.73,605,580.71,641.17,612.86,618.75,603,617,607.14,622.73,605.66,607.14,614.62,626.92,640,643.85,629,571.11,637.5
Yam tuberOSUN,284.33,252.18,314.11,333.47,325.96,404.58,243.13,284.76,332.66,340.36,359.6,438.46,476.49,425.39,429.9,443.24,463.78,464.36,393.65,391.53,316.61,240.79,210.59,214.31,248.55,250,430.48,454.62,465.49,473.33,450.47,488.02,438.34,335.48,337.54,261.71,298.32,294.81,286.1,289.79,243.68,205.5,190.72,265.96,285.72,264.03,270,308.95,273.22,329.82,380.35,451.24
Agric eggs medium sizeANAMBRA,340.04,343.33,356.64,367,362.98,391.81,387.83,391.88,396.88,494.67,438.65,438.52,454.36,500,526.15,564.58,541.92,554.57,564.67,537.42,520,542.22,545.28,536.6,452.5,620,642,600.34,658.33,648.33,570.9,555.56,512.59,557.14,561.54,550,551.17,572,532.35,569.33,560.4,550,554.84,495.33,485.71,501.55,527.59,515.9,506.9,461.72,504.64,544.23
Agric eggs(medium size price of one)ANAMBRA,29.58,29.79,30,31.04,38.98,34.89,34.46,35.87,36.7,39.62,38.96,40,48.83,49.64,48.77,48.96,47.52,49.05,49.31,46.67,48.06,48.95,48.28,47.22,38.46,48,48.71,48.57,50,50,50,50,45,50,50,50,50.01,49.23,48.68,49.83,50.42,40,36.89,42.57,42.46,43,47.5,43.53,43,40,43,45.57
"Beans brown,sold looseANAMBRA",238.03,242.95,264.44,260.98,274.71,313.09,315.55,332.98,373.25,380.33,400.29,415.83,420.93,426.19,425.77,395.05,398.3,399.01,405.63,433.05,421.54,417.14,412.94,409.88,424.73,402.14,415.49,417.45,407.3,423.23,419.13,422.95,433.22,428.67,409.03,436.54,443.73,449.78,421.12,462.7,444.05,413.64,394.16,352.48,346.26,315.14,316.19,319.09,302.52,293.1,283.85,299.07
Beans:white black eye. sold looseANAMBRA,223.87,223.51,246.08,245.17,252.6,291.75,316.8,318.25,354.95,359.17,378.95,382.48,389.66,357.04,341.31,351.89,359.75,379.02,407.61,423.4,413.76,405.44,404.46,405.67,400,384.22,400.6,410.45,403.82,398.67,399.87,408.73,400.35,395.71,386.06,406.48,406.67,415.09,396.88,412.19,411.01,401.67,391.28,375.4,367.72,326.4,352.65,324.35,300.45,288.77,280.65,286.67
Beef Bone inANAMBRA,781.13,791.62,801.14,882.45,793.87,836.11,835.35,971.35,911.65,1099.46,1048.62,946.71,997.89,894.12,888.65,1006.57,1264.05,1194.25,1021.7,1068.48,1042.25,1046.35,974.28,967.22,1045.83,909.56,991.61,959.29,1016.26,1047.89,939.11,1036.23,984.8,1000,920.65,914.61,932.73,890.1,875.35,928.17,906.59,960.73,1010.2,982.96,1069.07,1103.51,1041.96,1055.15,1074.39,1083.6,1105.56,1084.44
"Beef,bonelessANAMBRA",1113.49,1165.18,1110.2,1238.83,1174.16,1143.02,1193.65,1207.76,1236.52,1268.2,1281.69,1302.12,1377.77,1296.43,1270.87,1329.76,1405.74,1381.42,1397.64,1280.96,1234.93,1322.19,1387.44,1351.11,1382.6,1389.94,1436.1,1391.62,1383.82,1405.2,1315.1,1384.36,1402.75,1400,1435.25,1400.66,1442.88,1418.73,1398.86,1409.8,1392.71,1372.33,1330.3,1367.3,1372.95,1408.59,1500,1523.82,1480.35,1487.18,1474.87,1499.49
Bread sliced 500gANAMBRA,241.67,237.5,280.83,250,247.22,263.64,329.55,310.61,294.17,311.93,329.17,327.08,329.15,353.13,366.67,340.91,353.33,350,356.67,366.67,346.43,342.86,340.67,320,310,357.14,353.57,353.33,367.86,376.92,365.54,357.69,353.57,353.75,355,350,355.54,364.29,387.5,353.53,343.75,330,356.25,356.25,361.54,356.15,345.83,361.82,362.5,352,350,380
Bread unsliced 500gANAMBRA,235,279.17,274.58,225,232.67,296.21,300,269.23,321.15,298.25,314.68,320.83,329.41,337.5,356.25,322.73,326.67,328.33,325.55,312.5,334.62,321.43,320.33,312.86,305,325,323.33,326.67,333.33,316.67,308.46,315.38,336.67,336.84,308.57,289.29,305,328.57,354.29,331,305,300,345.83,342.22,363.53,325,302.14,312.5,325,316.67,294.11,316.67
Broken Rice (Ofada)ANAMBRA,370.22,371.33,360,361.08,380.67,440,441.32,488.24,489.7,415.64,416.89,418.14,444.32,480.97,462.65,463,477.45,470.11,480.55,480,480.04,485,485.5,481.55,449.66,449.93,450.34,450.74,451.1,446.67,430,390.37,380,380.19,380.53,410,398.64,399,400.28,400.52,392.65,395.12,396.23,396.55,399.02,402.21,510.64,513.7,513.97,517.57,505,509.55
Catfish (obokun) freshANAMBRA,1038.47,984.38,814.29,984.11,978.64,942.31,1076.93,1003.59,930.26,856.92,880,903.08,1078.05,1050,1021.96,993.91,965.87,937.82,909.78,881.73,872.03,875,884.62,875.55,871.79,926.92,1000,986.92,1050,1107.44,1064.42,1100,1205,1250,1283,1227.54,1214.29,1225,1278.89,1200.86,1229.76,1198.46,1156.67,1200,1150,1200,1300,1340,1364.24,1305.36,1300,1385.24
Catfish :driedANAMBRA,2166.67,2166.67,2506.41,2555.55,2375,2405.77,2190.48,2175,2138.89,1879.04,2250,2583.33,2389.16,2333.34,2269.84,2164.9,2105.06,2252.65,2766.67,2317.59,2292.1,2354.76,2384.72,2376.47,2473.33,2209.34,2346.67,2240,2586.87,2637.2,2571.35,2481.05,2196.31,2197.84,2215.43,2395.87,2429.42,2475.08,2013.75,2100.13,2254.6,2150.94,2102.31,2135.83,2108.15,2088.28,2250,2287.88,2264.44,2220,2196.24,2250
Catfish SmokedANAMBRA,1868.18,1880,1850,1903.64,1920,1927.27,1939.09,1950.91,1885,1974.54,1986.36,1998.18,1890,2021.81,2033.63,2000,2057.26,2069.08,2080.9,1900,1879.1,1891.21,1891.85,1890.55,1850,1700,1600,1601.12,1533.33,1550,1487.89,1488.79,1546.15,1547.24,1559.61,1600.05,1620.29,1576.39,1600,1618.18,1603.72,1600,1627.78,1596.28,1576.19,1520,1530.64,1542.89,1513.46,1485.55,1502.59,1566.67
Chicken FeetANAMBRA,675.09,800,766.67,758.34,700.54,762.82,771.8,646.15,750,844.41,800,800.11,819.8,800,809.9,800,800,820.34,850,833.54,820,875,870.55,865.99,860,850,700,700,725,700,750,800,800,725,750,800,800.74,820,820.86,850,822.9,800,750,753.32,700,750.59,800,833.33,800.58,785.75,800,853.56
Chicken WingsANAMBRA,776.34,800,800,800,850,863.33,757.15,867.49,862.5,1122.13,1050,1050,1102.47,962.5,992.48,850,800,860.43,830.22,1100.12,1150,991.93,990,990,975,1050,950,980,966.67,1000,1100,1142.86,1066.67,950,966.67,1066.67,1100,1150,1083.33,950,1016.67,"1,000.00",966.67,1000.33,1066.67,1100,1108.53,1136.67,1200,1200.85,1270,1300
Dried Fish SardineANAMBRA,1492.86,1498.95,1570.63,1534.35,1573.2,1589.58,1600.38,1612.82,1650,1718.81,1711.11,1787.39,1786.7,1776.67,1777.38,1689.55,1682.45,1647.07,1686.12,1656.82,1599.73,1492.86,1502.38,1500,1646.67,1536.89,1559.03,1686.11,1591.67,1630.43,1575.91,1491.99,1504.82,1505.58,1510.63,1491.56,1425.29,1509.59,1429.29,1515.59,1591.03,1530.77,1522.59,1560.02,1524.36,1522.18,1666.67,1700.41,1754.7,1700.7,1756.46,1800
Evaporated tinned milk carnation 170gANAMBRA,120,120.36,120.72,121.08,130,123.33,123.67,125,130.42,133.67,134.02,134.36,133.39,145.76,150,140,142.33,139.56,140.95,150.97,150,152,150,150,176.25,176.36,176.51,176.67,176.81,176.94,175.52,175.63,176.83,176.94,180.54,180.02,180.04,180.2,190,190.11,191.25,184.03,170.3,171.64,180,181.44,170,171.02,170,171.19,170,171.19
"Evaporated tinned milk(peak), 170gANAMBRA",131.67,137.08,136.04,142.03,145.36,142.07,139.39,140.38,144.91,158.27,157.5,159.58,177,173.1,200,203.33,205.77,193,197.67,188.67,188.68,192.94,193.23,192.5,194.62,188.67,186.21,187.59,190.22,191.33,189.31,187.04,190.38,186.07,186.24,188.52,190.76,189.58,188.13,187.33,189.13,187.27,183.33,185.87,195,190.48,189.6,186.67,189.31,189.64,188.75,199.13
Frozen chickenANAMBRA,1116.67,1188.33,1243.75,1020.54,1230,1212.5,1358.33,1383.33,1408.89,1393.79,1377.78,1341.67,1380.25,1483.33,1460,1480,1400,1445.45,1500,1516.67,1450,1466.67,1530,1526.67,1525,1605,1625,1636.11,1607.69,1697.92,1705,1736.84,1805.56,1778.42,1780,1812.5,1792.22,1800,1784.62,1747.06,1780.97,1825.5,1895,1856.66,2033.16,2071.88,1989.47,1973.53,1930,1878.33,1906.67,2003.08
"Gari white,sold looseANAMBRA",117.99,129.38,122.72,139.26,156.98,177.17,194.11,215.55,201.15,193.73,196.97,247.23,250.47,243.28,287.64,288.1,296.09,314.88,295.97,274.85,259.86,216.72,194.55,187.47,209.83,174.04,170.06,164.93,170.41,171.03,168.3,166.97,165.82,156.97,157.75,139.99,140.71,145.22,141.84,149.63,149.19,137.66,141.52,143.45,135.83,149.33,145.98,144.59,150.87,162.9,167.05,173.13
"Gari yellow,sold looseANAMBRA",136.86,134.02,143.48,167.74,206.46,211.57,197.56,224.07,244.17,226.39,240.92,242.97,265.31,305.9,334.97,354.21,358.18,411.19,391.41,311.39,326.91,299.62,258.79,241.56,249.24,219.56,202.14,201.09,221.46,215.03,211.38,226.99,201.7,200.32,201.32,174.87,177.19,174.06,178.09,184.34,189.85,159.55,156.82,162.39,153.79,164.88,178.7,168.47,172.89,185.74,208.13,209.24
"Groundnut oil: 1 bottle, specify bottleANAMBRA",325,337.77,360,406.68,413.33,429.33,427.55,415.99,400,410.41,416.67,407.77,416.44,433.33,466.67,466.67,485.5,483.72,466.67,441.66,432.74,484.44,492,490.55,492.22,511.11,526,550,606.67,666.67,657.48,642.86,646.67,647.25,652.43,703.33,673.33,700,686.67,683.33,652.78,700,655.56,666.66,654.29,633.34,701.44,733.33,702.31,683.33,640,725
Iced SardineANAMBRA,682.94,780.97,727.27,663.33,741.76,715.08,862.22,944.44,976.19,758.67,1047.62,722.22,1275.49,1035.72,1163.53,1054.51,1028.62,1078.5,1053.58,986.49,892.22,981.19,954.51,942.86,977.19,1016.23,976.42,1031.82,936.67,980.26,1017.24,1071.43,1022.22,1000,1000,964.25,1000,1042.02,1172.27,1203.82,1192.78,1172.36,1125.49,1154.9,1088.89,1131.06,1138.98,1169.29,1166.67,1155.85,1106.06,1122.22
Irish potatoANAMBRA,208.57,207.55,209.88,209.05,204.17,202.61,206.25,213.85,203.86,208.81,206.67,206.94,205.93,200.54,207.48,201.5,203.9,200.52,201.11,200,194.2,177.14,173.9,171.5,157.63,163.64,287.3,305.26,345.24,357.27,356.6,380.29,329.44,362.86,350,400.43,395,400.7,383.38,401.04,462.66,431.43,377.29,396.03,354.76,342.64,418.75,418.97,367.2,359.52,350.2,407.34
Mackerel : frozenANAMBRA,760.73,840.53,799.84,777.92,750.53,739.7,770.96,751.79,877.8,891.64,908.27,880.51,1053.42,978.02,784.28,771.97,982.02,985,1095.23,1007.81,996.72,929.15,935.04,930.56,923.08,873.72,942.92,949.49,915.73,937.89,918.31,933.7,948.62,949.29,956.88,988.84,960.07,934.03,977.64,1019.3,931.29,977.7,942.65,908.63,915.45,918.17,990.47,964.06,1029.86,989.44,1017.47,1060.53
Maize grain white sold looseANAMBRA,109.77,116.96,135.55,140.21,137.06,152.92,157.23,160.99,209.91,230.29,241.61,221.62,247.17,216.33,236.12,245.04,244.79,283.62,252.16,255.25,232.17,284.04,271.21,270.73,268.81,246.61,245.21,247.31,243.89,246.03,240.02,246.15,244.07,244.29,246.25,249.79,247.51,236.22,241.36,243.33,231.41,236.36,232.53,215.55,211.4,221,214.21,243.75,245.74,234.87,241.87,248.79
Maize grain yellow sold looseANAMBRA,113.79,115.13,120.84,140.7,141.45,150.33,156.58,150.97,176.27,204.91,224.5,227.79,238.01,226.63,238.84,245.9,249.23,283.53,255.36,254.64,224.66,283.95,268.03,265.7,268.46,248.16,251.74,256.52,244.74,240.96,239.92,237.7,240.38,240.53,242.45,240.38,259.63,238.22,243.1,244.24,236.16,236.36,230,217.77,221.3,223.11,217.54,247.73,237.31,228.08,237.92,251.67
Mudfish (aro) freshANAMBRA,785.33,787.69,790.05,792.42,794.8,797.18,799.57,801.97,804.38,901.74,904.45,907.16,912.76,950.11,951.44,955,966.78,950.21,958.5,966.15,966.23,968,969,965.88,884.22,884.75,885.54,886.08,886.78,900.64,920.56,921.11,951.26,952.03,956.79,980.45,980.59,988.43,1000.83,1058.64,1064.99,1017.46,1002.16,1002.86,1006.25,1014.3,1021.4,1029.57,1016.85,1023.96,1050.5,1058.9
Mudfish : driedANAMBRA,2057.14,2222.22,1866.67,1866.7,1871.7,2222.22,1842.11,1966.67,1966.67,2375.91,2383.04,2390.18,2408.93,2345.78,2400,2420,2557.08,2590.32,3200,2666.67,2685.71,2666.67,2078.5,2066.67,1919.74,2148.15,2156.86,2120.58,2266.67,2318.52,2369.61,2400,2266.27,2268.09,2279.43,2404.76,2520.24,2433.33,2392.66,2183.53,2252.44,2215.52,2172.22,2200.66,2200.01,2257.95,2313.33,2333.33,2265.57,2296.46,2254.62,2190.18
Onion bulbANAMBRA,192.08,195.28,198.07,181.54,125.07,213.39,170.41,178.94,226.89,223.46,211.78,212.27,213.93,195.75,208.81,190.48,196.8,204.27,222.22,212.08,219.42,210.2,225.08,225.85,192.12,224.34,223.17,211.43,215.33,222.05,228.02,206.1,212.11,192.24,300,387.21,325.41,283.07,253.54,275.84,281.59,249.92,192.77,224.95,209.6,219.42,194.01,235.41,237.47,265.24,298.87,270.95
"Palm oil: 1 bottle,specify bottleANAMBRA",310.83,310.55,326.1,332.2,341.26,364.73,359.72,349.16,353.33,357.44,367.36,379.16,403.04,394.44,408.72,405.24,413.72,449.44,450.87,450,386.31,450.11,481.95,486.67,522.22,512.64,500.44,498.85,477.19,468.89,478.57,497.44,503.69,503.99,508.03,500.25,505.75,486.4,466.67,468,451.33,427.88,432.26,453.33,459.75,457.97,456.79,463.77,444.6,466.67,434.67,448.21
Plantain(ripe)ANAMBRA,192.01,203.4,216.59,205.18,219.58,238.26,265.66,267.9,255.88,254.18,288.78,262.2,270.44,241.75,227.34,215.99,237.57,235,238.34,245,249.56,235.35,245.49,243.85,263.16,190.21,193.88,190.63,198.93,198.51,218.74,238.66,258.04,220,200,250.23,234.22,221.04,197.8,251.72,235.35,266.27,245.71,237.49,298.67,238.1,216.23,212.04,246.37,244.94,231.7,264.58
Plantain(unripe)ANAMBRA,181.77,166.49,172.66,184.49,192.52,205.85,182.77,209.85,209.44,216.74,216,228.2,234.34,247.18,239.68,215.11,230.96,258.63,249.58,247.23,226.08,259.01,264.06,259.22,242.86,203.95,202.86,185.93,193.92,207.87,193.73,205.19,212.73,192.88,200,195.41,196.69,197.28,172.14,200.07,197.06,249.66,233.23,226.04,200.18,195.14,200.07,220.27,241.25,243.3,209.32,258.96
Rice agric sold looseANAMBRA,207.98,245.81,241.73,253.76,268.64,344.6,311.27,380.79,419.99,418.05,419.98,395.41,420.99,394.73,394.13,378.52,390.17,368.6,395.55,364.47,363.39,346.35,347.45,345.72,323.04,374.18,371.56,361.35,354.81,351.66,344.01,354.37,353.68,353.9,354.14,352.38,360,363.92,360.63,351.82,355.29,365,317.83,313.33,319.17,325,450.87,458,450.86,442.31,396.96,420.48
Rice local sold looseANAMBRA,152.2,174.76,212.3,203.97,217.73,277.8,266.4,322.97,348.29,304.3,320.54,328.9,332.01,383.7,351.87,319.6,339.91,305.47,320.85,306.22,301.9,300.44,289.18,280.06,261.33,259.68,288.24,265.45,267.41,263.31,270.28,260.24,270.26,270.42,272.61,278.74,264.64,280.89,276.57,269.66,262.64,268.18,284.59,262.5,258.52,269.62,400.77,398.5,323.41,319.7,268.87,304.08
Rice Medium GrainedANAMBRA,165.08,166.06,239.5,221.88,240.69,285.08,293.68,357.74,368.64,320.91,361.33,380,388.31,477.28,440,387.97,397.92,346.67,372.29,350.36,344.56,330,320,320.86,306.28,369.71,369.8,372,348.39,370,360,363.08,356.67,356.95,357.2,332,355.74,356,347.14,352.14,339.17,353.33,320,304,344,350.32,426,436.67,420.14,416.67,398,420
"Rice,imported high quality sold looseANAMBRA",208.81,213.88,278.37,291.44,325.88,380.85,343.61,397.82,474.11,465.16,470.45,488.72,495.21,444.28,431.39,429.71,437.01,399.22,418.11,391.9,385.66,357.78,357.29,350.93,346.98,408.39,403.84,411.71,401.44,399.13,397.67,390.79,395.99,396.31,398.59,397.16,401.84,406.5,400.05,385.16,388.8,392.73,375.88,362.66,384.44,417.6,497.14,506.36,495.27,501.33,473.33,523.2
Sweet potatoANAMBRA,105.24,105.37,108.22,107.69,106.06,107.7,113.46,111.54,119.01,116.47,113.62,114.18,117.52,117.2,117.78,115.03,111.29,114.29,116.28,114.91,110.92,113.95,117.68,119.3,105.25,119.92,147.26,157.25,155.33,153.15,151.63,153.77,176.1,155,120,125.91,122.85,138.57,168.6,165.42,170.02,198.88,171.09,154.92,171.61,132.97,107.06,136.89,144.2,146.55,159.29,160.49
Tilapia fish (epiya) freshANAMBRA,680.77,682.2,683.63,685.07,686.51,687.95,689.39,690.84,692.29,690.01,691.67,693.34,693.83,694.3,689.09,695.92,698.01,702.03,709.09,703.48,702.09,714.55,710,710,709.2,800,907.46,960,1000,934.78,1000,1000.6,1090.91,1091.45,1102.44,1043.48,983.08,927.49,930.96,931.52,937.11,912.5,881.59,882.38,836.01,842.69,848.59,863.16,869.57,875.65,850.5,857.3
Titus:frozenANAMBRA,638.43,634.98,653.59,639.79,649.48,656.07,657.91,653.06,659.93,630.05,643.3,649.42,659.5,651.75,652.7,651.92,642.79,655.71,658.83,657.45,652.17,719.9,727.53,725.94,828.57,927.19,1015.74,961.53,937.72,921.85,941.48,986,974.02,974.51,950,984.19,1005.69,1010.72,967.69,973.05,961.07,942.59,884.88,912.94,900.25,970.88,952.01,959.63,900.07,884.92,903.57,975.83
TomatoANAMBRA,237.48,222.11,230.99,299.49,811.9,790.32,727.25,301.41,327.9,341.38,325.13,301.06,325.67,298.62,335.95,330.09,383.6,422.82,516.5,432.3,348.18,334.67,336.62,323.73,218.24,301.58,295.87,344.32,347.21,361.51,377.28,375.63,253.35,303.55,253.76,329.92,292.48,285.91,260.86,277.73,279.24,236.46,200.66,250.28,250.27,306.62,349.64,357.26,301.12,293.17,308.18,326.34
"Vegetable oil:1 bottle,specify bottleANAMBRA",307.87,317.27,282.12,293.88,302.85,310.63,305.35,316.81,323.28,336.85,374.44,375.12,384.84,394.92,405.13,436.78,454.1,464.73,459.39,448.31,385.21,465.42,469.67,465.51,485,548.39,551.43,545.68,531.93,533.33,517.78,512.59,528.72,528.98,529.46,539.49,525.4,517.22,524.44,555.11,543.07,497.22,525.52,514.28,490.77,478.26,488.89,500.67,515.56,495.17,517.33,533.33
Wheat flour: prepacked (golden penny 2kg)ANAMBRA,565,519.79,593.75,520.83,528.09,532.08,604.76,623.8,650,703.61,696.42,678.12,706.4,700,700,678.88,646.08,640.87,653.12,658.33,689.27,641.83,658.73,657,675,705,741.67,712.5,740,730,715,702.22,709.09,720.83,731.67,745.83,731.82,750,755.33,758.89,747.5,750,725,735.71,730,727.27,730,735.62,755,754.55,763.64,766.67
Yam tuberANAMBRA,111.58,121.41,128.21,166.89,176.47,230.93,146.47,159.47,199.15,165.52,161.16,161.47,169.99,201.4,218.41,218.57,245.15,234.23,238.38,230.82,213.64,194.29,192.49,190.04,182.1,141.57,187.03,196.34,218.14,230.26,220.47,235.55,198.36,186.46,176.59,178.91,164.73,154.66,130.5,163.93,165.17,149.71,177,176.27,209.63,189.41,200.34,212.17,197.46,189.91,143.51,192.89
