DATE,AGRIC EGGS DOZEN BENUE,Agric eggs(medium size price of one)  BENUE,"Beans brown,sold loose   BENUE",Beans:white black eye. sold loose   BENUE,Beef Bone in   BENUE,"Beef,boneless   BENUE",Bread sliced 500g   BENUE,Bread unsliced 500g  BENUE,Broken Rice (Ofada) BENUE,Catfish (obokun) fresh BENUE,Catfish :dried BENUE,Catfish Smoked BENUE,Chicken Feet BENUE,Chicken Wings BENUE,Dried Fish Sardine BENUE,Evaporated tinned milk carnation 170g BENUE,"Evaporated tinned milk(peak), 170g BENUE",Frozen chicken BENUE,"Gari white,sold loose BENUE","Gari yellow,sold loose BENUE","Groundnut oil: 1 bottle, specify bottle BENUE",Iced Sardine BENUE,Irish potato BENUE,Mackerel : frozen BENUE,Maize grain white sold loose BENUE,Maize grain yellow sold loose BENUE,Mudfish (aro) fresh BENUE,Mudfish : dried BENUE,Onion bulb BENUE,"Palm oil: 1 bottle,specify bottle BENUE",Plantain(ripe) BENUE,Plantain(unripe) BENUE,Rice agric sold loose BENUE,Rice local sold loose BENUE,Rice Medium Grained BENUE,"Rice,imported high quality sold loose BENUE",Sweet potato BENUE,Tilapia fish (epiya) fresh BENUE,Titus:frozen BENUE,Tomato BENUE,"Vegetable oil:1 bottle,specify bottle BENUE",Wheat flour: prepacked (golden penny 2kg) BENUE,Yam tuber BENUE,Agric eggs medium size BAUCHI,Agric eggs(medium size price of one)BAUCHI,"Beans brown,sold looseBAUCHI",Beans:white black eye. sold looseBAUCHI,Beef Bone inBAUCHI,"Beef,bonelessBAUCHI",Bread sliced 500gBAUCHI,Bread unsliced 500gBAUCHI,Broken Rice (Ofada)BAUCHI,Catfish (obokun) freshBAUCHI,Catfish :driedBAUCHI,Catfish SmokedBAUCHI,Chicken FeetBAUCHI,Chicken WingsBAUCHI,Dried Fish SardineBAUCHI,Evaporated tinned milk carnation 170gBAUCHI,"Evaporated tinned milk(peak), 170gBAUCHI",Frozen chickenBAUCHI,"Gari white,sold looseBAUCHI","Gari yellow,sold looseBAUCHI","Groundnut oil: 1 bottle, specify bottleBAUCHI",Iced SardineBAUCHI,Irish potatoBAUCHI,Mackerel : frozenBAUCHI,Maize grain white sold looseBAUCHI,Maize grain yellow sold looseBAUCHI,Mudfish (aro) freshBAUCHI,Mudfish : driedBAUCHI,Onion bulbBAUCHI,"Palm oil: 1 bottle,specify bottleBAUCHI",Plantain(ripe)BAUCHI,Plantain(unripe)BAUCHI,Rice agric sold looseBAUCHI,Rice local sold looseBAUCHI,Rice Medium GrainedBAUCHI,"Rice,imported high quality sold looseBAUCHI",Sweet potatoBAUCHI,Tilapia fish (epiya) freshBAUCHI,Titus:frozenBAUCHI,TomatoBAUCHI,"Vegetable oil:1 bottle,specify bottleBAUCHI",Wheat flour: prepacked (golden penny 2kg)BAUCHI,Yam tuberBAUCHI,Agric eggs medium size JIGAWA,Agric eggs(medium size price of one)JIGAWA,"Beans brown,sold looseJIGAWA",Beans:white black eye. sold looseJIGAWA,Beef Bone inJIGAWA,"Beef,bonelessJIGAWA",Bread sliced 500gJIGAWA,Bread unsliced 500gJIGAWA,Broken Rice (Ofada)JIGAWA,Catfish (obokun) freshJIGAWA,Catfish :driedJIGAWA,Catfish SmokedJIGAWA,Chicken FeetJIGAWA,Chicken WingsJIGAWA,Dried Fish SardineJIGAWA,Evaporated tinned milk carnation 170gJIGAWA,"Evaporated tinned milk(peak), 170gJIGAWA",Frozen chickenJIGAWA,"Gari white,sold looseJIGAWA","Gari yellow,sold looseJIGAWA","Groundnut oil: 1 bottle, specify bottleJIGAWA",Iced SardineJIGAWA,Irish potatoJIGAWA,Mackerel : frozenJIGAWA,Maize grain white sold looseJIGAWA,Maize grain yellow sold looseJIGAWA,Mudfish (aro) freshJIGAWA,Mudfish : driedJIGAWA,Onion bulbJIGAWA,"Palm oil: 1 bottle,specify bottleJIGAWA",Plantain(ripe)JIGAWA,Plantain(unripe)JIGAWA,Rice agric sold looseJIGAWA,Rice local sold looseJIGAWA,Rice Medium GrainedJIGAWA,"Rice,imported high quality sold looseJIGAWA",Sweet potatoJIGAWA,Tilapia fish (epiya) freshJIGAWA,Titus:frozenJIGAWA,TomatoJIGAWA,"Vegetable oil:1 bottle,specify bottleJIGAWA",Wheat flour: prepacked (golden penny 2kg)JIGAWA,Yam tuberJIGAWA,Agric eggs medium size BAYELSA,Agric eggs(medium size price of one)BAYELSA,"Beans brown,sold looseBAYELSA",Beans:white black eye. sold looseBAYELSA,Beef Bone inBAYELSA,"Beef,bonelessBAYELSA",Bread sliced 500gBAYELSA,Bread unsliced 500gBAYELSA,Broken Rice (Ofada)BAYELSA,Catfish (obokun) freshBAYELSA,Catfish :driedBAYELSA,Catfish SmokedBAYELSA,Chicken FeetBAYELSA,Chicken WingsBAYELSA,Dried Fish SardineBAYELSA,Evaporated tinned milk carnation 170gBAYELSA,"Evaporated tinned milk(peak), 170gBAYELSA",Frozen chickenBAYELSA,"Gari white,sold looseBAYELSA","Gari yellow,sold looseBAYELSA","Groundnut oil: 1 bottle, specify bottleBAYELSA",Iced SardineBAYELSA,Irish potatoBAYELSA,Mackerel : frozenBAYELSA,Maize grain white sold looseBAYELSA,Maize grain yellow sold looseBAYELSA,Mudfish (aro) freshBAYELSA,Mudfish : driedBAYELSA,Onion bulbBAYELSA,"Palm oil: 1 bottle,specify bottleBAYELSA",Plantain(ripe)BAYELSA,Plantain(unripe)BAYELSA,Rice agric sold looseBAYELSA,Rice local sold looseBAYELSA,Rice Medium GrainedBAYELSA,"Rice,imported high quality sold looseBAYELSA",Sweet potatoBAYELSA,Tilapia fish (epiya) freshBAYELSA,Titus:frozenBAYELSA,TomatoBAYELSA,"Vegetable oil:1 bottle,specify bottleBAYELSA",Wheat flour: prepacked (golden penny 2kg)BAYELSA,Yam tuberBAYELSA,Agric eggs medium sizeOSUN,Agric eggs(medium size price of one)OSUN,"Beans brown,sold looseOSUN",Beans:white black eye. sold looseOSUN,Beef Bone inOSUN,"Beef,bonelessOSUN",Bread sliced 500gOSUN,Bread unsliced 500gOSUN,Broken Rice (Ofada)OSUN,Catfish (obokun) freshOSUN,Catfish :driedOSUN,Catfish SmokedOSUN,Chicken FeetOSUN,Chicken WingsOSUN,Dried Fish SardineOSUN,Evaporated tinned milk carnation 170gOSUN,"Evaporated tinned milk(peak), 170gOSUN",Frozen chickenOSUN,"Gari white,sold looseOSUN","Gari yellow,sold looseOSUN","Groundnut oil: 1 bottle, specify bottleOSUN",Iced SardineOSUN,Irish potatoOSUN,Mackerel : frozenOSUN,Maize grain white sold looseOSUN,Maize grain yellow sold looseOSUN,Mudfish (aro) freshOSUN,Mudfish : driedOSUN,Onion bulbOSUN,"Palm oil: 1 bottle,specify bottleOSUN",Plantain(ripe)OSUN,Plantain(unripe)OSUN,Rice agric sold looseOSUN,Rice local sold looseOSUN,Rice Medium GrainedOSUN,"Rice,imported high quality sold looseOSUN",Sweet potatoOSUN,Tilapia fish (epiya) freshOSUN,Titus:frozenOSUN,TomatoOSUN,"Vegetable oil:1 bottle,specify bottleOSUN",Wheat flour: prepacked (golden penny 2kg)OSUNOSUN,Yam tuberOSUN,Agric eggs medium sizeANAMBRA,Agric eggs(medium size price of one)ANAMBRA,"Beans brown,sold looseANAMBRA",Beans:white black eye. sold looseANAMBRA,Beef Bone inANAMBRA,"Beef,bonelessANAMBRA",Bread sliced 500gANAMBRA,Bread unsliced 500gANAMBRA,Broken Rice (Ofada)ANAMBRA,Catfish (obokun) freshANAMBRA,Catfish :driedANAMBRA,Catfish SmokedANAMBRA,Chicken FeetANAMBRA,Chicken WingsANAMBRA,Dried Fish SardineANAMBRA,Evaporated tinned milk carnation 170gANAMBRA,"Evaporated tinned milk(peak), 170gANAMBRA",Frozen chickenANAMBRA,"Gari white,sold looseANAMBRA","Gari yellow,sold looseANAMBRA","Groundnut oil: 1 bottle, specify bottleANAMBRA",Iced SardineANAMBRA,Irish potatoANAMBRA,Mackerel : frozenANAMBRA,Maize grain white sold looseANAMBRA,Maize grain yellow sold looseANAMBRA,Mudfish (aro) freshANAMBRA,Mudfish : driedANAMBRA,Onion bulbANAMBRA,"Palm oil: 1 bottle,specify bottleANAMBRA",Plantain(ripe)ANAMBRA,Plantain(unripe)ANAMBRA,Rice agric sold looseANAMBRA,Rice local sold looseANAMBRA,Rice Medium GrainedANAMBRA,"Rice,imported high quality sold looseANAMBRA",Sweet potatoANAMBRA,Tilapia fish (epiya) freshANAMBRA,Titus:frozenANAMBRA,TomatoANAMBRA,"Vegetable oil:1 bottle,specify bottleANAMBRA",Wheat flour: prepacked (golden penny 2kg)ANAMBRA,Yam tuberANAMBRA
1/1/2016,348.33,29.79,260.11,253.14,950,1079.17,215.83,228.57,148.39,776.79,1584.85,1666.67,666.67,550,1258.34,120,137.33,1200,162.84,225.46,306.66,650,171.3,817.42,80.12,77.24,694.12,1254.11,222.85,288.57,192.63,231.69,193.55,153.75,161.29,221,101.13,650,520.24,215.55,300,550,145.86,250.21,30,230,226.27,839.77,844.83,144.17,145,138.33,769.23,2083.33,1817.5,245,500,1494.3,120.5,142.5,1151.2,138.33,154.08,320.55,779.41,129.39,890,75.78,72.94,701.82,1339.21,171.45,281.11,230.26,181.82,166.18,137.49,174.44,211.18,110.43,740.94,627.5,178.09,371.11,580,135.44,335.45,30.38,163.23,124.53,896.32,1072.22,131.79,133.33,175.14,999,1849.28,1789.81,548.03,466.67,1298.99,105,132.5,900,115.92,125.51,323.55,691.27,162.46,750,73.48,73.68,797.06,616.67,100.81,280.81,158.24,180,142.31,137.11,187.9,239.65,93.66,882.31,700,126.6,283.83,536.25,122.19,359,39,364.87,316.7,1036.67,1040.74,321.67,295.83,386.78,944.11,2143.33,2134.32,749.21,886.35,1683.39,130,145,1550,251.68,289.41,328.88,755.51,186.85,801.3,109.62,197.07,859.99,942.65,223.3,370,156.24,208.72,302.16,253.15,352.38,356.24,158.66,711.12,671.37,294.62,347.22,550,184.29,305.16,27.08,222.43,160.83,570.05,917.64,211.75,151.67,250.11,650,1500.7,1071.77,600.54,870.34,1590.78,120,143.33,1000,83.5,100,351.11,748.96,221.25,681.72,66.26,70.69,660.19,1245.66,170.1,277.46,150.92,184.51,230.12,155.88,193.64,215.44,114.49,850,736.93,127.4,332.66,525.57,284.33,340.04,29.58,238.03,223.87,781.13,1113.49,241.67,235,370.22,1038.47,2166.67,1868.18,675.09,776.34,1492.86,120,131.67,1116.67,117.99,136.86,325,682.94,208.57,760.73,109.77,113.79,785.33,2057.14,192.08,310.83,192.01,181.77,207.98,152.2,165.08,208.81,105.24,680.77,638.43,237.48,307.87,565,111.58
2/1/2016,342.5,29.79,267.02,258.53,802.19,1000,253.33,291.67,186.67,780,1591.88,1671.03,780,500,1285.71,120,132.38,1300,164.82,230.8,312.22,653.33,175,878.64,79.74,80.01,680,1250,246.56,319.77,180.73,183.78,193.55,147.18,161.29,250.88,100,650,535,240.12,337.22,550,146.08,300,30.42,196.43,180.32,746.21,860,205,147,143.45,803.57,2251.11,1818.18,248.5,5000,1500,120,141.25,1100,136.27,139.99,300,743.33,131.62,916.67,74.34,75.42,787.5,1525,195.83,307.77,210,138.89,185.19,146.69,173.88,232.8,112.1,746.67,622.22,213.69,351.11,552.5,151.6,336.67,29.17,197.56,148.37,897.3,1073.4,216.88,285.71,171.31,1000,1979.17,1889.81,548.63,467.18,1301.72,112.5,131.29,1100,115.81,129.38,342.77,686.36,163.02,700,77.72,73.74,1450,650,102.66,292.22,161.89,187.5,166.93,155.41,188.11,261.28,95.51,827.78,700,196.15,302.22,526.66,194.38,352.67,35.86,366.76,342.56,823.08,1171.57,310,304.17,388.37,954,2330.51,2140,771.98,808.49,1618.89,125,133.43,1575,244.42,252.75,377.77,753.34,189.89,802,118.25,189.81,749.5,1143.29,271.18,332.37,177.75,198.77,266.79,253.68,237.96,361.64,157.82,676.67,667.3,295.58,366.66,550,142.18,308.28,28.17,226.02,170.11,592.01,1044.9,217.22,296,250.54,671.43,1580.47,1066.67,600,850,1583.81,120,142.78,1100,95,100,370,781.11,228.95,652.9,75.27,79.22,580.43,1367.52,133.27,303.11,161.94,196.75,211.76,185.95,211.04,251.96,114.2,851.37,742.53,113.04,356.33,563.33,252.18,343.33,29.79,242.95,223.51,791.62,1165.18,237.5,279.17,371.33,984.38,2166.67,1880,800,800,1498.95,120.36,137.08,1188.33,129.38,134.02,337.77,780.97,207.55,840.53,116.96,115.13,787.69,2222.22,195.28,310.55,203.4,166.49,245.81,174.76,166.06,213.88,105.37,682.2,634.98,222.11,317.27,519.79,121.41
3/1/2016,371.25,31.88,263.35,267.5,813.87,1087.72,243,248.47,266.67,783.22,1598.91,1675.39,750,600,1255,123.33,137.74,1400,162.26,238.67,350.66,653.57,172,800,93.19,92.76,941.67,1571.97,241.2,359.16,195.12,156.76,213.81,181.68,200,256.13,102.48,690.2,525.88,250.27,317.77,525,130.42,325,29.38,172.41,183.31,803.2,869.56,173.33,166,155.64,825,2100,1818.86,252,475,1525,130,139,1250,148.29,168.22,311.45,738.99,135.36,915,82.2,76.63,713.77,1507.61,110.48,289.37,234.37,157.14,214.78,164.24,177.28,267.56,115.89,741.67,620,140.54,289.33,550,121.33,335.5,28.92,276.67,149.77,868.4,1032.48,241.67,225,195.84,933.34,1931.82,1750,762.5,500,1304.45,106.25,134.55,1200,133.58,142.46,345.6,660,163.15,718.18,77.1,82.36,850,700,146.04,308.02,165.63,191.83,172.62,164.31,188.31,261.81,95.29,831.37,705,204.31,318.63,522.5,119.99,365,35.33,353.15,345.32,878.1,1009.5,355.83,250,389.96,950,2429.24,2100,720.08,834.26,1669.38,130,137.3,1320,281.82,264.31,373.33,748.97,184.71,802.7,124.25,201.56,1124.24,1238.39,282.16,349.42,183.13,200,325.19,259.26,283.71,329.97,141.48,668.9,627.42,265.89,322.66,545.83,252.79,323.97,29.06,247.17,178.57,629.65,959.91,239.44,193.3,250.96,680,1569.83,1000,601.02,851.45,1588.3,130,144.28,1000,110.19,112.26,406.67,781.87,220,651.93,81.81,86.49,550,1381.77,133.14,309.66,131.56,193.92,264.71,190.24,236.04,266.67,118.69,852.73,741.72,141.97,375.77,571.19,314.11,356.64,30,264.44,246.08,801.14,1110.2,280.83,274.58,360,814.29,2506.41,1850,766.67,800,1570.63,120.72,136.04,1243.75,122.72,143.48,360,727.27,209.88,799.84,135.55,120.84,790.05,1866.67,198.07,326.1,216.59,172.66,241.73,212.3,239.5,278.37,108.22,683.63,653.59,230.99,282.12,593.75,128.21
4/1/2016,381.25,32.25,264.74,262.84,997.44,1016.67,293.75,287.5,160,780,1605.94,1679.75,700.06,620.83,1287.96,120,136.5,1600,162.44,244.29,324.99,683.33,173.67,802.64,89.96,89.64,925.75,1804.92,256.58,340.94,152.39,146.14,200.35,183.6,161.29,255.86,109.83,652.5,544.2,211.16,318.21,557.5,137.92,291.67,30,819.25,258.23,822,879.12,173.09,187,156.36,822.95,2103.12,1819.54,255.5,476.11,1546.82,125,136.33,1250.9,341.23,370.84,328.9,736.39,139.67,913.34,90.02,82.33,715,1832.34,247.62,303.33,253.84,183.03,471.25,332.15,510.56,385.53,111.44,740,622.49,281.64,308.87,552.5,152.52,351.33,30,198.1,216.51,1018.61,1052.9,212.5,151.67,289.07,927.69,1667.87,1755.08,600,522.5,1300,120,135.83,1025,123.22,148.34,365.1,656.25,161.02,703.33,89.51,91.53,868.75,716.67,192.7,323.54,169.46,196.26,190.8,286.35,188.52,369.32,95.21,834.66,700,135.65,325.33,569.16,249.59,449,43,367.94,346.04,1188.96,1103.57,402,350,391.56,945.3,2275.5,2151.35,826,845.32,1674.19,145,144.5,1250,315.98,327.78,411.11,740.47,185.75,803.4,120.72,216.28,951.51,1201.6,174.71,347.33,192.04,194.99,307.74,292.6,272.99,311.76,158.74,665.58,638.25,307.4,313.32,533.33,267.48,316.67,28,241.24,187.92,637.98,1032.91,251.25,200,323.5,685.72,1505.93,1120.37,602.04,900,1592.61,125,148.75,1100,153.64,162.01,418,774.98,225,615.16,90.3,95.21,628.55,1410.35,111.55,291.6,147.79,197.86,294.1,210.3,269.87,292.16,115.71,850,765.21,187.35,403.79,595.83,333.47,367,31.04,260.98,245.17,882.45,1238.83,250,225,361.08,984.11,2555.55,1903.64,758.34,800,1534.35,121.08,142.03,1020.54,139.26,167.74,406.68,663.33,209.05,777.92,140.21,140.7,792.42,1866.7,181.54,332.2,205.18,184.49,253.76,203.97,221.88,291.44,107.69,685.07,639.79,299.49,293.88,520.83,166.89
5/1/2016,375.88,33.3,329.68,243.74,946.51,1137.57,267.86,258.89,187.5,776.79,1612.97,1684.11,750,637.5,1237.66,135,154.38,1500.32,142.52,259.55,388.33,680,174.55,805.28,103.17,98.94,803.57,1306.49,254.57,350.16,170.83,132.58,218.75,188.19,187.5,271.44,107.98,636.36,521.34,222.22,312.5,525,191.03,358,30,229.63,189.44,855,946.02,250,199.3,203,820.9,2106.24,1820.22,259,477.22,1553.64,135,136,1210,175.45,202.95,356,739.27,135.7,890.11,85,81.45,850.97,1908.64,141.67,325.33,271.42,173.33,262.5,167.19,175,325,111.07,746.3,623.5,1250,318.66,533.33,176.01,350.15,30,213.04,189.27,836.44,1013.73,220,135.48,238.22,928.34,1787.5,1760.16,766.67,644.98,1300,105,137.08,1000,152.47,181.21,397.22,675.75,162.82,753.01,98.56,98.7,1166.67,950,106.91,331.11,173.37,200.79,203.48,215.54,188.73,287.09,99.35,873.15,700,107.54,366.11,565,149.85,529.58,40.42,298.1,309.62,1033.15,1097.57,425,280.25,393.16,941.9,2228.44,2157.03,710.67,828.72,1628.13,132.5,144.46,1366.67,294.05,332.14,413.33,746.61,188.83,804.1,135.96,220.79,1036.33,1374.94,166.34,342.66,175.51,179.34,362.52,300.93,328.11,349.92,156.48,657.57,630.56,538.46,372.62,597.91,213.92,311.49,28.52,249.65,210.15,588.9,1041.28,250,200,324.05,600,1590.33,1240.74,603.07,900,1595.25,130,151.43,1000,159.85,166.17,426.67,771.78,230.9,739.84,102.33,104.09,667.39,1584.72,144.66,287.18,140.08,181.65,294.6,227.16,292.92,323.53,116.58,857.27,766.78,191.91,412.12,595,325.96,362.98,38.98,274.71,252.6,793.87,1174.16,247.22,232.67,380.67,978.64,2375,1920,700.54,850,1573.2,130,145.36,1230,156.98,206.46,413.33,741.76,204.17,750.53,137.06,141.45,794.8,1871.7,125.07,341.26,219.58,192.52,268.64,217.73,240.69,325.88,106.06,686.51,649.48,811.9,302.85,528.09,176.47
6/1/2016,370.75,32.68,325.54,267.92,1013.42,1086.67,265.63,265,220,780,1620,1688.47,766.67,750,1263.64,120,158.13,1600,150.92,270.79,404.44,680.55,174.14,807.92,112.19,102.93,825,2053.03,261.83,343.99,159.3,148.51,258.06,235.42,225.81,318.28,107.64,660,529.98,233.34,319.52,537.5,155.37,285,37,239.29,225,800,969.7,268,206.17,223.08,818.85,2109.36,1820.9,262.5,478.33,1592.31,120.24,145,1252.7,153.41,141.86,386.67,724.87,136.9,933.33,90.9,90.77,809.5,1340.91,213.33,333.33,270,163.64,267.86,233.5,296.3,331.85,112.22,752.61,621.58,258.01,320,600,106.33,385.13,33.27,203.33,200.7,902.04,1039.33,220,315,281.32,954.55,1893.75,1765.24,593.75,650,1325.67,111.67,130,1200,176.02,194.81,454.35,692.95,163.44,760.72,110.62,101.08,989.56,1063.64,127.52,348.2,177.38,205.43,196.25,245.96,188.94,379.05,98.81,879.46,701.47,171.33,395.38,555,205.8,491.46,39.72,348.3,299.18,952.65,900.9,410.42,316.67,394.77,938.5,2181.38,2162.7,1000,1000,1614.12,136.67,143.19,1500,238.54,254.17,400,757.91,196.11,804.8,153.32,241.86,1230.38,1302.97,194.45,358.92,207.45,195.02,338.23,333.09,361.96,375.68,149.67,678.65,627.62,500.18,387.41,615,315.55,310.36,29.93,266.9,236.75,603.29,1034.52,258.33,250,324.6,600,1540.92,1114.28,650,900,1583.33,130,142.83,1033.33,163.19,165.9,443.33,774.68,250,720.87,117.81,115.63,667.39,1459.85,140.42,270,146.83,194.9,295.1,237.75,300.61,286.27,117.43,874.19,781.64,222.43,415.52,553.33,404.58,391.81,34.89,313.09,291.75,836.11,1143.02,263.64,296.21,440,942.31,2405.77,1927.27,762.82,863.33,1589.58,123.33,142.07,1212.5,177.17,211.57,429.33,715.08,202.61,739.7,152.92,150.33,797.18,2222.22,213.39,364.73,238.26,205.85,344.6,277.8,285.08,380.85,107.7,687.95,656.07,790.32,310.63,532.08,230.93
7/1/2016,384,35.19,306.3,262.94,1044.88,1055.47,310,300,250,778.57,1820.89,1692.83,800,600,1218.18,135,151.86,2100,166.15,253,416.66,685.45,175.83,810.56,131.16,113.25,828.57,1704.55,230.84,359.99,164.41,150.43,283.48,275.76,281.25,361.83,107.76,658.18,522.81,258.03,321.33,587.5,191.27,290.03,30,264.25,239.93,904.33,950,270.09,226.37,207.14,818.18,2112.48,1821.58,266,479.44,1600,120,135,1253,167.5,156.01,404.97,737.5,131.98,915,106.86,101.27,887.8,1418.69,122.5,344.99,265.99,174.28,266.41,225.75,234.98,316.71,113.22,752.85,593.06,238.89,363.33,600,148.91,375,32.61,262.98,257.71,1100.59,1107.53,250,300,341.72,993.59,1825,1770.32,566.67,650,1320,112.5,137.08,1100,256.71,282.45,477.22,670,165.01,875,132.18,100,1166.67,1066.67,193.16,382.77,181.47,210.18,205.33,293.12,250.88,339.45,99.05,854.73,706.67,217.79,381.11,510,169.67,450.83,37.78,318.85,347.85,1029.76,1148.86,361.11,316.67,396.39,951.3,2134.32,2200,941.06,904.66,1662.47,136.67,142.22,1341.67,318.75,302.43,413.33,760.44,190.98,848.5,157.09,240.57,744.77,1234.96,261.21,402.22,218.11,153.79,389.75,355.56,332.96,381.27,151.63,661.11,656.61,416.07,342.85,593.33,451.88,321,30,259.38,216.63,615.46,1062.75,300,300,325.15,700,1506.7,1250,651.11,850,1590,130,147.47,1200,139.77,139.86,480,799.81,250.53,727.13,120.83,122.09,833.33,1493.94,273.02,278.33,158.06,186.5,295.6,216.18,286.01,281.62,116.87,881.5,795.09,183.66,425,547.5,243.13,387.83,34.46,315.55,316.8,835.35,1193.65,329.55,300,441.32,1076.93,2190.48,1939.09,771.8,757.15,1600.38,123.67,139.39,1358.33,194.11,197.56,427.55,862.22,206.25,770.96,157.23,156.58,799.57,1842.11,170.41,359.72,265.66,182.77,311.27,266.4,293.68,343.61,113.46,689.39,657.91,727.25,305.35,604.76,146.47
8/1/2016,416.67,36.92,284.85,255.41,1047.22,1058.2,224.44,285,258.06,776.79,1866.67,1697.19,850,750,1236.36,120,154,1700,171.82,267.26,425.39,687.78,181.48,813.2,146.65,125.47,887.5,1685.71,231.15,410,173.47,142.72,322.58,285.83,258.06,362.67,106.67,651.43,537,244.07,334.66,537.5,147.78,360.7,32.5,259.62,235.22,850,930.24,272.18,266.67,274.98,825,2115.6,1822.26,250,480.55,1636.37,125.25,142.5,1254.51,121.17,134.72,412.66,732.14,131.01,913.34,115.66,113.24,860.15,1844.01,157.09,370.23,252.14,178.31,283.37,245.55,303.57,347.02,110.83,752.9,568.5,195.67,366.66,550,126.35,361.67,31.67,269.23,225.84,933.95,1120.83,200,157.22,306.18,938.47,1644.23,1775.4,292.39,650,1360.72,110,137.92,1200,276.6,293.37,474.22,680,165.41,954.55,130.76,100,1104.17,1060,138.36,367.27,185.67,215.03,242.49,294.98,251.27,353.85,97.22,880.52,708.24,204.64,401.66,531.66,166.54,478.21,39.29,276.51,259.06,1176.36,998.16,380.83,391.67,398.02,941.9,2087.27,2174.05,971.2,830.8,1677.84,130,143.57,1496.43,364.58,332.44,400,766.75,187.46,749.38,180.45,242.91,1236.03,1251.8,218.16,423.33,210.07,173.4,407.86,314.72,348.15,389.14,153.44,665.24,652.17,387.07,352.38,617.5,318.88,311,30.56,270.81,232.5,826.97,1049.42,257.73,200,338.24,700,1621.88,1263.53,652.21,900,1592.78,130,147.83,1202.04,146.83,155.47,513.33,789.52,251.05,794.45,135.97,138.03,730.95,1502.38,157.73,300,137.93,202,296.1,278.99,343.52,355.88,114.33,884.97,773.33,114.89,428,552.85,284.76,391.88,35.87,332.98,318.25,971.35,1207.76,310.61,269.23,488.24,1003.59,2175,1950.91,646.15,867.49,1612.82,125,140.38,1383.33,215.55,224.07,415.99,944.44,213.85,751.79,160.99,150.97,801.97,1966.67,178.94,349.16,267.9,209.85,380.79,322.97,357.74,397.82,111.54,690.84,653.06,301.41,316.81,623.8,159.47
9/1/2016,427.58,37.56,298.73,285.43,1165,1210.24,274.82,269.44,250,780,1912.45,1701.55,760.55,1000,1213.64,138,154.79,2050,162.04,234.55,434.44,689.09,175.44,815.84,160.69,139.98,857.14,1347.4,233.16,470,152.19,132.26,312.5,298.58,281.25,381.43,108.38,636.36,532.95,238.82,332.22,550,193.04,360,30,270.09,203.01,750,971.43,278.67,250,223.53,850,2118.72,1822.94,251.06,450,1583.33,130.5,139.5,1120,158.89,188.33,390.47,780.11,131.19,890,125.78,127.4,876.88,1656.45,190.22,380.44,291.66,182.42,246.51,211.54,310.34,261.32,111.25,755,565,155.4,366.66,567.16,139.99,576.28,47.01,180.88,235.48,1040,1431.69,257.84,245.07,306.18,846.09,1675.94,1780.48,1027.98,1111.71,1369.9,124.8,120,1004.3,205.42,209.69,453.75,701.92,165.13,803.84,144.69,117.01,1158.89,1099.83,158.07,408.52,201.68,233.11,228.56,253.86,283.16,350.61,99.01,898.45,705.29,228.37,411.12,518.49,199.26,480.17,39.45,277.64,260.12,1181.18,921.43,382.39,393.27,399.65,938.5,2040.21,2179.73,975.18,834.2,1679.47,130.53,144.16,1404.2,366.08,333.8,409.2,767.31,188.15,788.2,192.27,221.63,1245.2,1256.93,219.06,423.86,229.14,181.33,409.53,316.01,349.58,390.74,153.81,662.84,653.66,388.66,350,591.41,320.19,315,29.69,309.11,263.19,717.25,1000.96,258.17,200.34,338.81,720,1664.44,1305,653.32,1000,1597.96,120,155,1100,148.33,156.25,493.33,790.34,250,756.52,139.14,149.12,750,1472.15,283.38,325.85,159.12,198.4,296.61,387.06,374.49,367.65,117.53,886.47,793.94,132.57,631.11,550,332.66,396.88,36.7,373.25,354.95,911.65,1236.52,294.17,321.15,489.7,930.26,2138.89,1885,750,862.5,1650,130.42,144.91,1408.89,201.15,244.17,400,976.19,203.86,877.8,209.91,176.27,804.38,1966.67,226.89,353.33,255.88,209.44,419.99,348.29,368.64,474.11,119.01,692.29,659.93,327.9,323.28,650,199.15
10/1/2016,440.78,45.34,376.63,323.83,1112.11,1237.02,313.3,257.57,266.67,783.22,1578.99,1705.91,717.21,707.56,1247.24,135.16,158.63,1996.58,153.18,234.42,443.29,689.76,188.5,818.48,143.4,142.03,931.62,1820.51,240.63,450.21,170.4,149.53,294.82,277.69,292.8,371.45,103.84,676.53,533.94,275.87,377.71,536.87,157.23,359.3,40.57,286.7,212.68,909.79,971,280,258.12,262.57,994.39,2165.74,1923.18,252.12,453.8,1681.65,135.87,141.28,1256.31,139.33,185.68,400,776.46,140.09,988.94,117.42,131.2,843.31,1478.6,191.52,408.44,293.16,205.14,338.31,241.16,278.89,364.54,116.19,757.25,564.77,185.17,375.89,604.39,142.7,497.55,41.26,194.59,213.11,974.82,1388.38,210.23,203.97,327.43,865.46,1898.04,1785.56,864.79,866.69,1373.57,121.98,120,1009.79,199.19,201.64,480.8,701.8,166.9,814.58,133.92,125.42,1037.16,1122.49,117.23,434.01,214.26,257.36,229.01,241.93,291.04,363.73,99.85,898.24,708.33,169.24,441.6,515.88,164.92,587.84,47.46,440.5,413.76,1089.55,1178.12,402.9,399.33,320.56,935.1,2100,2185.41,1065.55,1048.81,1657.78,143.39,158.64,1394.48,256.18,267.65,423.68,783.58,187.17,878.15,204.09,200.36,1242.27,1391.79,304.57,424.38,248.2,173.97,423.57,343.76,341.46,425.79,156.73,661.66,651.78,321.17,352.59,608.46,325.02,468.21,37.55,392.74,276.61,778.53,1331.86,286.88,244.78,424.79,688.63,1659.92,1313.35,900.84,1050.29,1603.83,126.59,166.67,1291.03,183.35,186.67,445.36,803.91,257.49,891.1,129,125.36,815.08,1965.19,255.87,358.9,185.94,204.98,305.27,259.15,287.81,356.8,119.26,888.87,822.6,195.58,583.77,550,340.36,494.67,39.62,380.33,359.17,1099.46,1268.2,311.93,298.25,415.64,856.92,1879.04,1974.54,844.41,1122.13,1718.81,133.67,158.27,1393.79,193.73,226.39,410.41,758.67,208.81,891.64,230.29,204.91,901.74,2375.91,223.46,357.44,254.18,216.74,418.05,304.3,320.91,465.16,116.47,690.01,630.05,341.38,336.85,703.61,165.52
11/1/2016,448,38.66,369.42,290.9,1046.9,1060,290.28,301.25,250,778.57,1600,1710.27,750.52,800,1242.43,135,157.5,1600,169.74,232.67,468.88,688.18,180.3,821.12,133.85,137.18,803.57,1524.48,265.23,475,198.31,153.66,312.5,289.96,281.25,384.72,118.23,663.18,535.6,234.42,382.77,575,129.89,358.6,37.08,317.71,226.99,970.83,900.21,281.33,266.25,280,900,2041.67,1862.5,253.18,457.6,1680.44,130,149.17,1257.21,238.57,244.91,400,747.06,149.79,915,105.71,125.6,910.83,1199.48,223.13,411.11,304.44,200,346.96,219.59,303.17,404.81,115.91,760,565,122.4,399.44,600,153.88,447.39,38.75,200,208.13,993.75,1153.24,317.5,370.54,305.4,895.38,1900,1790.64,708.33,800,1376.46,148,143.33,1010.91,197.29,245.19,517.66,683.33,165.22,750,135.44,126.19,926.93,1000,199.08,451.66,219.21,263.31,232.15,343.9,291.25,372.36,97.23,853.01,707.22,159.13,502.21,513.33,159.99,445.24,42.14,414.9,398.7,832.57,1171.9,339.58,350.89,321.87,931.7,2159.79,2191.08,846.39,825.8,1665.06,145,145.36,1355.54,339.55,380.16,433.33,778.47,181.75,880,200,219.96,1278.81,925.07,313.99,465.95,252.77,153.38,496.61,432.53,341.5,521.08,153.16,671.03,640.91,478.77,380,630,459.4,398.73,39.55,299.29,255.35,1013.83,1165.25,303.13,250,464.71,675,1647.46,1283.33,890.8,900,1670.59,155,151.63,1200,164.35,173.23,450,805.22,265,883.16,141.67,145.58,784.62,1916.67,291.11,400.81,180,199.66,345.59,276.01,371.48,466.91,120,884.17,825.94,167.96,695.27,553.88,359.6,438.65,38.96,400.29,378.95,1048.62,1281.69,329.17,314.68,416.89,880,2250,1986.36,800,1050,1711.11,134.02,157.5,1377.78,196.97,240.92,416.67,1047.62,206.67,908.27,241.61,224.5,904.45,2383.04,211.78,367.36,288.78,216,419.98,320.54,361.33,470.45,113.62,691.67,643.3,325.13,374.44,696.42,161.16
12/1/2016,487.5,45.6,338.27,284.31,1083.33,1205.45,287.92,315.05,263.34,773.92,1621.01,1714.63,800.99,825,1250,135,158.5,1733.33,148.81,240.3,433.33,682.44,180.73,788.15,146.14,152.69,889.34,2200,236.19,450,201.23,172.63,300.56,300.25,258.06,382.26,112.5,664.11,533.34,251.28,358.33,607.5,130.95,357.9,40.56,339.13,260.68,980.83,911.58,284,274.37,282.8,977.78,1917.59,1822.94,254.24,461.4,1681.86,135.32,149,1258.11,245.66,250.45,414.99,798.53,143.33,913.34,123.65,130.65,925.32,1416.34,230.63,433.33,312.16,165.75,350.12,260.72,392.86,421,118.76,765,630,228.97,409.44,650,155.32,446.36,39.55,233.89,200,870.04,1136.93,201.25,181.81,292.55,883.89,1793.71,1795.72,767.24,750,1325,118.33,144.25,1100,185.98,207.37,554.69,761.11,166.62,788.89,146.7,133.23,993.59,1111.11,190.61,451.36,224.28,269.39,257.67,380.59,291.46,396.01,99.61,855.74,709.1,201.92,526.49,597.5,141.21,461.67,45.21,482.88,383.86,1168.36,1392.21,407.5,367.5,333.89,928.3,2219.58,2196.76,988.45,935.16,1661.03,148.32,149.29,1666.67,363.89,395.12,438.89,765.64,191.75,881.85,198.43,220.11,1288.89,1210.36,351.72,472.85,224.67,168.95,461.83,490.12,340,623.48,152.38,671.63,638.73,488.29,406.66,662.5,500.45,431.59,35.28,307.96,234.51,915.48,1052.6,312.5,247.22,505.16,700,1648.95,1266.67,900.22,1000,1688.16,120,153.89,1300,161.11,169.79,455.55,804.69,255.89,857.88,135.76,140.86,783.33,1828.89,280.64,400,184.61,204.91,382.35,284.56,351.47,354.9,119.51,890,824.44,169.67,713.42,540.83,438.46,438.52,40,415.83,382.48,946.71,1302.12,327.08,320.83,418.14,903.08,2583.33,1998.18,800.11,1050,1787.39,134.36,159.58,1341.67,247.23,242.97,407.77,722.22,206.94,880.51,221.62,227.79,907.16,2390.18,212.27,379.16,262.2,228.2,395.41,328.9,380,488.72,114.18,693.34,649.42,301.06,375.12,678.12,161.47
1/1/2017,516.28,47.78,347.44,306.08,1026.02,1381.02,307.11,265.71,300,865.88,1642.02,1718.99,859.16,889.4,1227,127.84,160.87,1726.95,163.03,240.25,430.21,672.08,188.21,750,159.99,174.14,903,2070.55,294.16,472.13,200,168.78,301.84,272.71,303.72,390.43,110.05,640.79,531.3,291.78,354.19,627.28,161.91,357.2,47.8,215.47,213.68,995.37,920.19,283.99,282.5,285.6,1005.97,1998.82,1783.38,255.3,481.18,1655.62,136.82,149.32,1156.77,176.58,214.7,445,771.26,141.07,911.67,134.69,140.06,929.16,1915.27,241.11,429.37,290.14,173.52,303.6,275.57,246.92,421.81,107.7,761.39,622.51,160.59,400,608.17,140.96,556.35,48.28,241.19,243.89,1054.48,1213.03,223.33,222.25,358.43,957.54,1732.85,1561.07,1085.05,946.13,1367.29,131.39,150,1249.26,250.29,269.91,534.22,755.95,168.9,799.58,140.05,134.96,1021.78,1201.63,193.58,427.07,218.02,202.2,233.11,256.8,292.53,384.38,93.69,858.07,709.07,204.17,492.44,606.46,175.19,564.82,50.86,402.91,378.72,1065.14,1382.28,374.85,363.48,351.11,1009.4,2279.37,2202.43,1060.07,1060.58,1615.29,165.38,184.89,1679.33,286.89,331.01,424.45,767.21,190.66,798.84,201.98,246.76,1309.7,1329.75,301.3,463.64,240.69,176.95,355.67,372.68,387.39,448.54,159.91,673.67,630.94,369.78,420.13,657.11,369.37,543.95,47.73,383.91,275.95,901,1261.3,277.44,215,530.14,782.11,1657.62,1271.97,900,1000,1684.44,118.36,150,1296.08,180,234.38,461.73,812.35,268.04,833.79,138.78,143.51,800,1911.34,239.78,406.5,201.28,217.52,292.83,263.58,290.56,372.79,118.07,928.41,859.82,192.84,616.48,569.04,476.49,454.36,48.83,420.93,389.66,997.89,1377.77,329.15,329.41,444.32,1078.05,2389.16,1890,819.8,1102.47,1786.7,133.39,177,1380.25,250.47,265.31,416.44,1275.49,205.93,1053.42,247.17,238.01,912.76,2408.93,213.93,403.04,270.44,234.34,420.99,332.01,388.31,495.21,117.52,693.83,659.5,325.67,384.84,706.4,169.99
2/1/2017,515,43.54,340.68,287.04,1086.14,1437.5,351.43,272.22,310.43,776.79,1663.04,1527.78,1100,1133.33,1266.67,140,180.24,2000,292.4,265.8,428.11,673.04,187.69,738.53,177.28,180.82,836.36,2428.57,226.04,485,207.38,190.58,311.43,283.97,261.44,422.66,116.31,657.14,558.28,290.32,398.33,630,154.71,434,48.04,220.58,219.09,993.04,1191.67,278.33,261.67,274.32,1125,1992.76,1743.82,280.56,575,1730.56,145.33,148.75,1350,216.6,206.71,446.66,778.17,138.1,925,133.59,132.88,850.09,2169.05,181.08,451,285.71,203.87,317.03,256.5,315.27,346.91,108.54,767.5,620,197.15,406.66,600,130.46,524.09,48.33,335,256.67,1016.04,1245.43,260.83,205,305.59,861.54,1976.93,1951.55,712.5,875,1368.13,148.33,165.45,1200,261.11,269.04,547.77,697.89,167.68,964.29,157.01,154.91,961.54,1363.64,142.35,473.33,223.05,206.87,262.5,306.22,300.67,395.49,98.56,908.1,710.83,212.03,502.22,553.33,145.37,565.21,47.13,408.8,341.02,1180.33,1696.43,329.17,327.22,397.22,1142.59,2200,2208.11,1003.18,1086.67,1652.3,134.17,159.58,1766.67,276.04,328.02,463.33,812.94,195.07,800,200,240.76,1324.71,1704.58,309.35,496.11,233.42,196.63,369.58,320.68,385,508.33,159.32,694.89,634.58,342.88,445.23,665.33,355.19,540.83,42.25,356.81,274,918.83,1093.27,300,252.78,452.94,700,1675,1308.46,910.76,950,1686.32,150,171,1350,203.75,229.66,473.33,819.16,270,823.86,149.09,154.2,887.88,1827.75,238.21,417.66,198.67,208.53,372.75,280.52,365.75,392.15,122.92,927.34,873.25,175.8,699.77,525,425.39,500,49.64,426.19,357.04,894.12,1296.43,353.13,337.5,480.97,1050,2333.34,2021.81,800,962.5,1776.67,145.76,173.1,1483.33,243.28,305.9,433.33,1035.72,200.54,978.02,216.33,226.63,950.11,2345.78,195.75,394.44,241.75,247.18,394.73,383.7,477.28,444.28,117.2,694.3,651.75,298.62,394.92,700,201.4
3/1/2017,532.5,45,344.6,288.79,1125,1425,325.56,257.5,400,780,1735.17,1620.1,850,850,1209.09,165,194.55,1800,273.95,278.48,455.55,670.87,186.06,943.3,176.71,166.81,1035.71,2435.06,220.15,470.33,209.12,201.42,310,297.13,303.33,420.34,111.3,666.67,560.05,278.96,402.22,665.67,213.15,434.29,48.23,295.58,240.44,896.11,984.09,280.83,268.46,284.7,975,1986.7,1704.26,300,470,1762.69,140,151.43,1566.67,239.9,266.74,501.11,784.51,141.93,1000,140.25,136.93,882.08,2238.31,167.82,495,270.24,205.27,327.89,270.84,319.54,394.43,104.09,758.75,620.08,145.09,417.78,637.5,132.44,584.71,48.75,353.37,283.55,1094.37,1291.06,252.22,226.15,342.9,826.44,1750,1754.9,718.75,820,1350,148.57,181.88,1300.9,248.7,276.7,540,757.14,165.98,765,157.84,161.68,963.33,1353.85,144.86,467.39,228.2,211.64,268.38,305.55,280.89,428.39,98.13,868.53,800,217.99,515,568.33,190.51,562.5,47.67,420.44,407.5,1037.96,1556.2,350,335,448.15,1144.01,2190,2213.79,1055.6,1093.74,1657.05,138,159.69,1750,301.28,357.78,492.86,797.98,193.82,895.5,218.94,240,1377.05,2043.5,311.11,461.48,251.31,208.37,355.37,350.18,389.51,504.64,156.49,693.7,637.48,375.83,422.22,679.05,407.32,562.5,47.56,340,301.05,956.84,1247.63,303.13,250,438.24,800,1662.12,1300,900,1066.67,1690.74,143.25,200,1500,252.19,265.79,454.67,821.11,270,842.35,153.82,165.4,891.42,1841.22,221.05,425.36,205.47,200,352.94,305.43,390.52,382.35,123.14,928.07,891.54,184.19,687.26,540.62,429.9,526.15,48.77,425.77,341.31,888.65,1270.87,366.67,356.25,462.65,1021.96,2269.84,2033.63,809.9,992.48,1777.38,150,200,1460,287.64,334.97,466.67,1163.53,207.48,784.28,236.12,238.84,951.44,2400,208.81,408.72,227.34,239.68,394.13,351.87,440,431.39,117.78,689.09,652.7,335.95,405.13,700,218.41
4/1/2017,520,44.29,351.37,307.43,1086.73,1311.67,300,259.73,416.67,783.22,1755.22,1619.01,800,816.67,1217.05,153.33,199.33,1600,252.28,284.62,431.47,680,187.3,887.29,169.26,191.07,908.33,2528.57,179.41,440.55,218.8,205.36,295.16,303.15,259.75,407.16,118.51,650,531.66,270.24,400.74,647.22,222.11,524.17,44.64,306.15,275.97,1026.28,1195.83,275,260.91,291.63,957.54,1980.64,1833.34,350,557.14,1753.09,170,194.17,1500,315.99,331.4,493.66,779.04,141.49,958.33,147.84,145.58,826.67,2249.65,155.69,497.22,230.12,227.63,309.07,275.35,290.05,363.43,107.13,751.25,619.17,248.29,444.04,658.33,183.21,524.55,45.64,345.64,279.92,1071.57,1142.59,236.67,238,306.77,929.89,1800,1676.47,770.83,861.51,1350.5,140,192.27,1500,270.83,288.4,535,766.67,168.97,791.07,154.48,156.77,970,1355,130.36,549.97,233.48,216.53,250,283.77,275,333.54,97.94,837.18,800,251.47,524.93,633.33,195.09,536.36,46.25,405.88,380.77,1070.71,1487.32,300,345.83,452.5,1193.68,2458.74,2219.46,984.89,951.39,1655.54,140,197.5,1781.82,304.22,365.13,466.67,750.05,192.16,879.4,215.4,245,1367.58,2251.95,245.23,503.33,269.14,200,248,357.47,390.83,475,156.71,695.92,669.31,380.62,459.26,700,360.77,523.68,45.71,349.45,304.04,1004.71,1308.18,309.23,247.5,440,800,1681.21,1311.42,900,1000,1688.24,155,199.38,1550,263.13,272.13,473.33,825.37,270,899.39,159.45,170.77,898.55,2263.06,162.59,471.91,210.83,181.94,352.94,286.88,361.56,339.04,126.81,921.85,911.09,225.42,661.6,550,443.24,564.58,48.96,395.05,351.89,1006.57,1329.76,340.91,322.73,463,993.91,2164.9,2000,800,850,1689.55,140,203.33,1480,288.1,354.21,466.67,1054.51,201.5,771.97,245.04,245.9,955,2420,190.48,405.24,215.99,215.11,378.52,319.6,387.97,429.71,115.03,695.92,651.92,330.09,436.78,678.88,218.57
5/1/2017,543,46.36,350,314.29,1113.43,1325.98,343.75,280,480,786.43,1821.93,1617.92,1000,1000.15,1290.35,160,199.5,1600,265.76,300.11,438.12,686.74,192.58,875.61,190.06,204.67,1100,2650,173.52,501.07,218.35,213.55,300.14,335.91,358.33,430.01,117.4,654.36,538.86,380.43,429.4,678.25,253.59,564,48.64,300.74,261.41,1113.1,1239.51,287.5,293,330.73,920.12,1974.58,1830,350,550,1764.58,170,198,1550,325.61,334.86,466.89,766.74,153.37,884.12,153.1,161.24,915,2280.42,150.4,474.82,258.56,218.44,310.42,273.55,290.76,371.44,110.48,753.93,622.61,263,456.78,690.49,216.52,529.38,48.93,346.67,291.32,1068.25,1273.33,231.11,232.73,317.45,857.49,1767.69,1693.22,781.25,860,1356.38,148.57,191.43,1550,283.29,302.6,550,740.93,169.46,705.79,168.7,142.9,1076.92,1363.64,125.52,497.19,230.92,252.12,283.93,285.03,281.11,362.73,99.47,897.35,798.22,271.14,457.69,647.05,204.15,560.55,47.86,418.95,381.46,1229.77,1495.95,350,353.85,455,1171.89,2238.33,2225.14,960.79,989.32,1655.25,150,199.29,1750,305.45,365.25,489.83,755.94,196.73,880.01,238,256.91,1368.55,2525.38,235.57,479.12,236.23,208.58,277.78,390.63,420.37,503.17,162.58,692.5,652.19,426.75,456.8,697.89,373.45,520.59,40,374.69,324.26,1067.09,1371.39,314.29,241.18,453.25,839.67,1656.48,1300,1000,1050,1690.56,180,196.84,1500,266.05,280.29,507.03,825.64,269.88,904.95,165.97,170.81,905.96,2226.12,156.66,458.61,219.58,180.86,394.12,314.26,384.84,350.81,125.48,952.27,936.43,352.55,584.86,606.68,463.78,541.92,47.52,398.3,359.75,1264.05,1405.74,353.33,326.67,477.45,965.87,2105.06,2057.26,800,800,1682.45,142.33,205.77,1400,296.09,358.18,485.5,1028.62,203.9,982.02,244.79,249.23,966.78,2557.08,196.8,413.72,237.57,230.96,390.17,339.91,397.92,437.01,111.29,698.01,642.79,383.6,454.1,646.08,245.15
6/1/2017,521.67,45,350,320.61,1080.16,1334.87,380,275,490,745.2,1720,1644.92,1000,1100,1206.54,150,194.17,1700,318.61,357.67,445.17,683.2,191.26,841.36,195.39,204.76,1100,2666.67,204.92,529.52,229.61,218.49,319.44,358,383.33,488.81,117.98,660.77,543.26,397.62,473.87,670,277.09,536.33,45.75,330.47,294.85,1041.54,1284.42,284.62,266.92,395.33,892.71,1968.52,1826.67,350,555,1750,176.67,190.76,1725,330.47,355.42,440.55,767.12,155.07,950,151.66,152.88,914.4,2285.79,151.58,512.38,250,203.57,328.24,263.64,295.72,370.74,105.03,750.3,636.67,262.65,475.23,637.5,234.31,528.57,46.33,353.1,283.86,1079.57,1250.71,280,238.33,335.11,850,1701.93,1750,850.67,984.64,1350,155,191,1600,291.55,328.59,589.29,795.55,170.55,931.58,161.44,164.42,1080,1370,133.38,499.45,236.26,257.95,301.95,296.85,278.06,374.1,93.21,899.82,788.68,284.12,547.56,630,210.83,556.67,47.33,401.98,380.83,1267.22,1544.31,410,340,450,1198.11,2276.3,2150,980,987.13,1696.68,163.33,193.33,1745,320,374.91,503.11,759.46,191.42,880.62,256.68,256.82,1311.93,2685.38,242.38,489.39,256.48,215,280.58,403.01,404.17,539.29,162.89,685.24,652.04,491.34,447.22,700,373.8,460.26,40.82,386.11,336.51,1078.4,1354.86,326.15,250,446.63,909.79,1604.18,1300,1100,1150,1700,187.5,197.62,1450,272.89,294.17,498.22,827.52,275,900,171.91,179.02,914.44,2229.76,185.39,428.5,219.14,207.68,394.12,317.31,380.29,357.06,127.03,952.89,932.86,382.14,624.83,625,464.36,554.57,49.05,399.01,379.02,1194.25,1381.42,350,328.33,470.11,937.82,2252.65,2069.08,820.34,860.43,1647.07,139.56,193,1445.45,314.88,411.19,483.72,1078.5,200.52,985,283.62,283.53,950.21,2590.32,204.27,449.44,235,258.63,368.6,305.47,346.67,399.22,114.29,702.03,655.71,422.82,464.73,640.87,234.23
7/1/2017,530.33,48.57,366.39,321.79,1266.4,1370.77,363.33,290.77,485,741,1720.24,1650,990,1104.17,1240.74,160,204.29,1700,292.19,328.89,490.47,695.56,197.18,840,193.16,199.4,1052.63,2658.33,235.65,551.52,244.77,201.38,326.67,338.89,365.98,469.8,110.67,665,533.29,380.64,433.33,640,252.12,498,42.5,323.11,293.74,1077.32,1261.96,286.06,279.96,363.03,885.29,2019.23,1823.33,350,552.5,1741.67,173.33,192,1750,335.79,349.41,436.51,797.73,155.24,1000,154.37,154.97,914.7,2283.1,144.7,522.85,283.33,190,314.64,273.77,275.78,323.63,106.37,750.51,602,266.58,520.95,650,232.54,485.89,42.98,386.67,322.52,1073.91,1262.02,255.56,235.53,326.28,884.95,1666.67,1753.81,815.96,922.32,1375.83,151.67,187.86,1550,294.04,331.84,585.45,727.56,171.92,933.34,183.97,181.19,1189.56,1380.95,145.53,510.9,241.72,263.91,292.94,291.7,279.58,371.02,92.66,880.89,805.56,315.09,550.3,650,245.54,560.77,50,397.17,369.93,1443.39,1675.7,417.5,350.77,405.71,1155.75,2148.8,2140.32,970.39,988.22,1663.31,135,197.69,1850,331.43,389.29,500.33,753.88,198.94,881.22,250,246.09,1381.99,1781.42,249.08,511.67,237.33,210,301.6,399.76,450,534.92,165.83,695.41,656.11,508.27,487.5,685.89,403.9,458.61,40.29,415.56,350.14,1072.75,1325.64,308.33,250,449.94,915,1629.72,1320,1166.67,1100,1709.57,193.24,197.23,1500,272.24,294.58,500,845.86,270,907.42,155.11,168.71,910.2,2183.36,183.66,429.85,227.31,183.94,394.26,314.31,371.36,338.24,127.06,967.1,959.39,373.45,592.82,641,393.65,564.67,49.31,405.63,407.61,1021.7,1397.64,356.67,325.55,480.55,909.78,2766.67,2080.9,850,830.22,1686.12,140.95,197.67,1500,295.97,391.41,466.67,1053.58,201.11,1095.23,252.16,255.36,958.5,3200,222.22,450.87,238.34,249.58,395.55,320.85,372.29,418.11,116.28,709.09,658.83,516.5,459.39,653.12,238.38
8/1/2017,508.57,44.71,417.22,356.18,1139.32,1253.36,318.75,314.29,450.88,739.02,1659.88,1779.55,975,1100,1216.67,150,202.35,1733.33,230.87,412.79,500.33,694.88,196.87,858.64,189.55,199.73,966.67,2270.21,242.22,576.59,253.23,226.35,366.67,285.96,333.33,402.92,115.16,650.29,525.34,323.23,453.33,691.66,262.8,453.33,40,351.95,309.03,996.15,1112.5,243.75,290.91,288.21,950,2000.15,1820.05,405.56,495,1700.89,169.33,192.86,1980.9,338.8,365.53,433.18,779.29,149.08,950,155.28,154.98,885,1890.16,142.29,518.94,306.37,208.15,325.87,279.44,290.49,383.5,105.26,750,601.67,272.92,570.3,625,316.1,404.67,37.44,326.64,278.09,953.3,1137.21,229,224,298.47,876.93,1619.23,1720,610.72,890,1367.32,152.5,185,1490.09,296.61,285.44,579.33,720.8,171.79,905.2,200.96,207.6,1058.34,1476.93,119.89,489.44,250,200,241.07,264.58,344.19,381.45,92.41,875.53,805.35,279.7,559.16,600,266.1,543.23,48.57,403.34,402.63,1390.43,1478.51,450,439.29,437.5,1121.17,2084.07,2100,1006.17,1108.85,1571.55,153.33,194.67,1838.89,291.4,351.01,500,745.56,196.12,881.83,250.04,283.13,1420.94,1537.43,303.35,525,232.94,205.03,387.5,410.14,400,451.11,164.94,694.7,651.62,435.44,501.33,701.66,476.55,427.65,39.96,452.38,349.08,979.49,1263.43,300,250,450.11,909.24,1624.86,1320,990.21,1125.66,1709.57,189.45,202.67,1645.33,244.08,285.79,500,894.19,270.55,878.78,157.99,134.5,878.48,1940.25,233.09,510.53,257.21,152.22,294.12,281.9,320.42,325,128.44,977.82,966.33,373.95,595.66,646.11,391.53,537.42,46.67,433.05,423.4,1068.48,1280.96,366.67,312.5,480,881.73,2317.59,1900,833.54,1100.12,1656.82,150.97,188.67,1516.67,274.85,311.39,441.66,986.49,200,1007.81,255.25,254.64,966.15,2666.67,212.08,450,245,247.23,364.47,306.22,350.36,391.9,114.91,703.48,657.45,432.3,448.31,658.33,230.82
9/1/2017,510,45,426.65,365.61,1140,1278.48,313.33,300,451.15,730.89,1641.62,1759.97,975.59,1100.66,1157.14,185,209.33,1734.37,263.77,413.03,440.19,670,182.3,849.19,160.99,163.93,967.25,2271.57,241.38,467.91,196.09,174.37,366.93,297.86,347.56,407.14,110.75,623.33,525.11,280.07,380.72,611.24,224.37,453,41.02,384.62,300.24,969.64,1210,302.22,295,307.62,939.55,1978.15,1800.03,405.76,495.25,1692.96,169.41,203,1981.89,338.97,346.59,438.15,780,145.78,939.55,130.56,136.46,838.58,1891.11,140.56,440.65,280.73,197.05,326.03,279.58,309.26,383.69,102.05,750,600,222.19,477.62,622.99,254.96,429.44,37.5,389.49,333.93,947.31,1264.61,249,223.57,358.64,868.38,1601.42,1703.28,656.15,960,1350,170,206.47,1466.67,296.18,289.27,522.7,700,165.46,895.24,175.96,138.44,1058.97,1400,134.08,460.63,221.26,233.41,246.89,265.59,345.11,390.56,91.85,796.82,750,222.05,484.42,650.33,223.53,552.67,49.19,416.78,399.21,1251.82,1481.36,396.43,408.75,422.5,1108.83,2061.14,2076.9,909.26,1108.95,1486.69,153.35,205.63,1839.05,291.43,351.04,448.24,731.8,187.81,872.13,207.27,231.76,1421.07,1625.55,286.87,464.9,242.49,184.45,409.51,389.24,421.15,457.65,151.79,687.71,650.34,411.73,408.38,653.65,333.48,434,38.44,428,327.11,956.2,1300.21,308.75,250,450.38,802.78,1672.65,1298.57,990.8,1200,1704.03,189.56,205.31,1646.32,222.85,251.83,467.86,842.7,270,861.42,145.41,151.04,933.05,1941.41,245.71,404.98,193.13,199.32,308.82,274.71,314.34,313.24,125.24,968.78,973.04,293.48,650.87,547.89,316.61,520,48.06,421.54,413.76,1042.25,1234.93,346.43,334.62,480.04,872.03,2292.1,1879.1,820,1150,1599.73,150,188.68,1450,259.86,326.91,432.74,892.22,194.2,996.72,232.17,224.66,966.23,2685.71,219.42,386.31,249.56,226.08,363.39,301.9,344.56,385.66,110.92,702.09,652.17,348.18,385.21,689.27,213.64
10/1/2017,503.57,44.12,398.78,353.59,1138.39,1319.13,322.73,304.17,371.43,750,1661.96,1798.92,980,1020.83,1113.81,173.33,189.29,1640,222.54,370.23,445.83,680.2,165.03,807.94,195.68,205.06,1040.74,2233.39,201.29,530.31,229.95,218.81,266.67,283.04,266.67,368.26,95.18,650.72,550.79,203.42,474.58,671,203.62,449.5,39.09,355,297.7,948.15,1164.29,295,295,298.09,920.56,2050.11,1800,405.76,550,1650,169.5,199.09,2050.2,328.76,338.5,441.21,866.11,150.45,1000,151.88,153.1,800.83,1684.58,145.09,513.14,250.37,203.87,313.61,268.77,299.09,363.18,80.19,700.25,610.44,200.55,475.94,638.45,155.37,425,37.33,336.64,308.09,895.92,1184.12,229,214,298.47,916.92,1619.23,1700,635.71,954,1321.14,152.5,185,1400,229.6,255.44,590.17,700,157.9,955.2,181.68,164.66,958.33,1385.26,119.89,500.19,236.61,258.33,211.07,224.58,325.11,368.92,78.63,926.51,750,210.91,548.38,630.79,216.1,542.55,48,413.44,388.53,1271.33,1540.52,387.14,406.71,420,1194.29,2048.76,2053.09,910,1110.55,1484.84,153.33,198,2050,258,322.86,503.86,794.02,179.31,944.29,257.06,257.2,1392.66,1661.34,279.34,490.12,256.86,215.32,406.67,382.08,415,443.33,146.76,724.04,747.01,381.15,447.89,701.05,318.81,420.1,38.33,404.71,306.67,961.01,1315.19,301.17,225.94,450.38,889.49,1604.42,1362.5,990.8,1200,1757.58,189.56,215,1500,205.83,215,498.96,861.27,265,851.44,172.16,179.28,865.27,1868.05,228.18,429.14,219.46,207.99,308.82,262.75,303.8,306.72,108.23,914.03,978.15,221.79,625.76,625.93,240.79,542.22,48.95,417.14,405.44,1046.35,1322.19,342.86,321.43,485,875,2354.76,1891.21,875,991.93,1492.86,152,192.94,1466.67,216.72,299.62,484.44,981.19,177.14,929.15,284.04,283.95,968,2666.67,210.2,450.11,235.35,259.01,346.35,300.44,330,357.78,113.95,714.55,719.9,334.67,465.42,641.83,194.29
11/1/2017,500.64,42.21,396.04,353.59,1023.61,1240.47,315,273.08,371.43,775.8,1511.87,1863.65,986.5,1058.45,1156.15,173.33,189.29,1650,214.14,367.09,445.83,683.35,183.48,745.2,195.68,205.06,1085.85,2255.32,199.18,530.31,210.19,240.27,255.16,257.31,253,355.49,99.54,650.72,600.52,254.61,474.58,671,185.88,450.5,39.29,323,290.54,1000,1066.67,270,268,298.79,920.56,2000.58,1750,405.76,550,1650,170.33,200.01,1850.36,325.12,311.54,450.15,800,141.4,998.24,142.36,150.45,800.75,1602.05,134.37,480.55,250.8,208.11,303.61,268.77,285.77,360.25,75.95,700.25,610.44,205.12,485.65,645.44,133.5,428,38,320,302.52,878.21,1183.33,235,220,298.47,916.67,1640,1700,650,930,1250,155,181.82,1300,213.96,237.06,585,747.01,151.1,955.2,170.12,160.63,930.7,1385.26,125.9,458.52,236.61,258.33,205,216.49,325.11,368.92,73.07,853.46,750,206.04,484.07,630.79,196.77,468,40,388.15,377.79,1290.76,1405,386.36,406.71,420,1108.6,2037.04,2053.09,915.1,1155,1365.06,153.33,198,2000,242.7,303.56,502.76,778.47,179.88,927.2,257.02,257.18,1378.81,1655.07,278.45,495.12,244.13,211.1,400.57,378.4,400.22,411.17,130.19,724.04,740.87,369.52,447.99,680.05,312.5,415.41,35.22,380.94,306.67,958.31,1360.25,308.33,247.06,450.38,956.35,1728.62,1205.09,900,1200,1605.71,189.56,215,1400,194.21,215.09,498.96,740.98,260,888.45,172.16,179.28,873.85,1705.34,247.83,429.14,213.8,200,308.82,241.91,298.04,291.18,98.27,914.03,840.07,215.35,625.76,625.93,210.59,545.28,48.28,412.94,404.46,974.28,1387.44,340.67,320.33,485.5,884.62,2384.72,1891.85,870.55,990,1502.38,150,193.23,1530,194.55,258.79,492,954.51,173.9,935.04,271.21,268.03,969,2078.5,225.08,481.95,245.49,264.06,347.45,289.18,320,357.29,117.68,710,727.53,336.62,469.67,658.73,192.49
12/1/2017,512.55,46.74,387.31,349.69,1044.44,1285.9,311.43,273.53,370,773.43,1489.7,1819.35,975,1066.67,1141.67,162.5,195.5,1700,209.01,365.89,441.79,680.74,180.32,736.21,195.55,205.3,1085.06,2214.4,201.01,530.14,215.12,237.24,256.67,266.8,244.87,353.35,99.92,650,600.9,242.69,470,657.14,179.24,456.43,39.39,317.47,277.15,1025,1063.33,256.67,250,297.36,920.46,2000.29,1750,404.29,550.5,1557.89,175,200.46,1800,321.65,311.82,451.52,800.01,141.77,950,142.53,150.08,800.59,1522.41,131.75,480,259.26,211.72,294.86,260.21,278.28,353.45,75.81,680,610,202.07,470,635,147.37,476.67,38.57,350.83,289.68,1038.88,1213.64,237.5,243.33,249.21,885.94,1732.8,1732.62,500,650,1303.33,170,170,1200,225.05,248.61,434.29,566.67,217.96,852.32,197.64,200.47,897.14,1266.67,202.48,491.43,333.33,363.64,196.43,194.75,333.33,306.08,61.65,694.27,759.27,178.3,472,550,173.82,494.29,45.23,371.04,372.34,1288.34,1360.33,364.29,405.38,425,1103.8,2023.91,2044.79,915.16,1147.45,1338.4,152,181.54,1885,240.15,288.31,501,773.4,176.39,920.03,251.95,250.42,1355.15,1603.11,265.87,492,226.48,211.21,400.96,373.01,400,410.41,130.12,721.3,736.24,367.97,436.67,679.82,307.22,489.29,37.67,413.66,284.21,942.44,1290.12,311.11,253.57,452.94,838.89,1577.96,1285.71,961.19,1068.15,1640,199.23,197.43,1550,195,212.38,466.67,692.99,300,923.8,163.31,174.34,869.57,1646.83,266.22,444.17,278.63,267.72,344.24,239.71,298.63,340.59,110.91,846.91,851.14,180.77,552.38,641.25,214.31,536.6,47.22,409.88,405.67,967.22,1351.11,320,312.86,481.55,875.55,2376.47,1890.55,865.99,990,1500,150,192.5,1526.67,187.47,241.56,490.55,942.86,171.5,930.56,270.73,265.7,965.88,2066.67,225.85,486.67,243.85,259.22,345.72,280.06,320.86,350.93,119.3,710,725.94,323.73,465.51,657,190.04
1/1/2018,432.5,40,427.44,358.83,925.93,1361.9,310,281.82,376.77,800,1535.49,1625,975.65,1100,1222.22,170,198.14,1750,209.51,303.13,500,700,203.27,838.1,188.71,227.56,1175,1995.24,224.29,551.67,316.67,275.13,243.33,232.78,238.33,327.78,77.78,720,700,235.24,525,680,202.06,427.14,38.44,322.98,295.8,916.67,1109.19,280,253.57,301.21,1000,2119.64,1700,350,575,1590.06,180,200,1805,308.97,330.62,465.21,855.56,185.85,980,168.06,175.5,897.68,1685.12,126.97,450.2,288.44,209.23,302.85,280.69,274.11,381.7,73.47,687.41,735,185,503.11,650,167.62,410.13,37.35,332.14,265.67,933.53,1282.68,307.78,285.13,251.64,905.49,1791.21,1600,562.5,683.33,1350,170.71,183.53,1100,199.14,239.01,478.33,707.38,199.58,908.33,190.2,197.71,1016.67,1315.79,152.61,471.37,300,280,238.83,219.32,324.14,353.96,75.94,748.97,872.22,188.84,480.56,550,158.26,437.69,40,401.35,384.12,1223.07,1409.05,400.91,405,440,1283.94,2531.78,1983.63,959.21,1179.05,1416.8,157.5,192.31,1900,256.64,270.07,533.33,899.98,236.11,1053.72,267.6,268.22,1404.27,1883.67,283.23,506.1,258.48,254.04,405.9,403.19,418.89,415.87,162.78,817.6,851.09,365.15,450.67,705.56,318.28,420,40,450,350,980,1290.12,300,280,352.94,838.89,1582.12,1200,961.19,1068.15,1640,195,200,1550,140,145.67,600.23,692.99,350,784.31,150.55,180.22,869.57,1646.83,350.88,435.83,203.51,255.3,342.5,230.15,298.63,340.59,125.14,846.91,851.14,180.12,552.38,681.25,248.55,452.5,38.46,424.73,400,1045.83,1382.6,310,305,449.66,871.79,2473.33,1850,860,975,1646.67,176.25,194.62,1525,209.83,249.24,492.22,977.19,157.63,923.08,268.81,268.46,884.22,1919.74,192.12,522.22,263.16,242.86,323.04,261.33,306.28,346.98,105.25,709.2,828.57,218.24,485,675,182.1
2/1/2018,572,45.33,413.5,327.78,1031.82,1360.43,315,302.73,377.03,850.12,1552.11,1382.67,976.43,1100.88,1223.2,163.33,193.33,1650,214.29,288.29,495.8,700.56,198,713.97,190,200,1200,2124.06,218.65,560,237.92,240.86,300,241.77,246.67,359.96,85.87,886.6,822.5,250.77,550.32,642.86,209.2,475.27,37.92,343.26,301.99,902.5,1181.82,278.75,254,323.46,833.33,2045.8,1940.84,400,450,1436.11,170,190,1800,303.27,328.17,574.55,864.29,220.48,869.7,180.43,189.71,844.44,1717.41,129.92,511.11,286.21,220,290.32,288.39,255.36,369.05,66.81,600,900,181.09,514.44,700,153.33,458,36.67,330.07,277.1,925.04,1200,296.67,268.33,247.7,906.13,1792.46,1528.57,574,675,1375,156.67,173.33,1200,200.15,213.61,489.52,856.25,185,1050,170,180,1153.85,1316.71,152.8,469.33,300.21,280.2,229.55,228.94,324.14,312.5,113,806.67,900,178,463.11,625,144.88,587.86,47.86,454.32,426.71,1250.46,1480.05,438.46,425,454.74,1257.64,2230.84,1908.73,933.21,1117.12,1577.49,156.67,181.79,1880,250.49,262.71,600,1087.03,258,1056.43,271.67,307.18,1417.05,1988.32,373.12,628.57,269.86,268.47,485.96,415.38,460.12,517,167.03,863.8,877.64,386.75,597.95,708,319.88,455,36.5,421.57,337.19,869.61,1164.35,310.71,252.63,365,885.83,1743.8,1225,955,1100,1500,195,192.78,1500,135,139.81,600,724.7,375,892.96,150.55,180.22,863.22,1505.63,350,436.3,252.7,276.24,325,230.15,294.71,312.75,130,764.39,791.77,172.34,540.74,570,250,620,48,402.14,384.22,909.56,1389.94,357.14,325,449.93,926.92,2209.34,1700,850,1050,1536.89,176.36,188.67,1605,174.04,219.56,511.11,1016.23,163.64,873.72,246.61,248.16,884.75,2148.15,224.34,512.64,190.21,203.95,374.18,259.68,369.71,408.39,119.92,800,927.19,301.58,548.39,705,141.57
3/1/2018,550.47,44.21,383.89,352.14,1147.8,1321.74,320.45,309.09,366.67,866.67,1669.04,1201.09,850,1120,1390.48,150,192.63,1550.55,186.04,262.6,520,850,216.41,904.47,140.58,173.75,1050,1917.01,201.31,529.82,242.7,300.64,300,243.3,266.67,351.9,86.46,800,819.05,236.91,600,635.71,278.54,475.91,37.38,325.23,277.59,958.25,1215,253.08,257,329.1,833.33,2000,1923.74,400,400,1567.904732,150,189.17,1700,287.99,329.54,576.11,887.5,260.26,958.44,179.29,174.63,835.05,1608.41,171.38,514.13,315,266.67,270.1,267.9,276.46,357.57,77.13,627.16,950,170.99,491.43,725,128.44,478.46,36.92,353.33,304.9,938.64,1175.41,242.22,213.08,258.96,955.56,1672.12,1471.43,576.67,750,1350,155,172,1300,196.12,244.71,500,855.56,174.37,1030.77,153.96,164.58,1142.86,1200.33,150.58,464,265.35,200,258.93,244.82,234.48,313.19,93,673.38,700,202.15,466.67,600,146.36,584.62,46.92,474.78,441.66,1259.31,1520.87,420,436.36,473.81,1235.15,2137.86,1800.87,922.17,1170.25,1423.25,156,196.15,1975,269.22,281.3,577.78,1070.24,257.07,934.02,317.95,361.13,1439.32,1759.47,291.86,554.36,257.61,250.78,495.33,403.75,513.27,540.17,215.87,976.13,907.68,301.27,533.33,790,412.13,498.13,38.16,465.89,341.91,752.24,1258.18,303.33,250,488.24,825.07,1749.79,1321.06,932.25,1150,1533.33,180,195.26,1450,137.12,148.14,600,601.37,337.5,884.83,142,154.78,951.91,1503.7,255.62,430,238.54,293.74,283.87,252.73,293.07,304.16,111.03,844.58,918.22,214.14,433.33,623.93,430.48,642,48.71,415.49,400.6,991.61,1436.1,353.57,323.33,450.34,1000,2346.67,1600,700,950,1559.03,176.51,186.21,1625,170.06,202.14,526,976.42,287.3,942.92,245.21,251.74,885.54,2156.86,223.17,500.44,193.88,202.86,371.56,288.24,369.8,403.84,147.26,907.46,1015.74,295.87,551.43,741.67,187.03
4/1/2018,570,44.29,351.37,302.57,1048.8,1380,308.33,292.73,366.67,858.33,1569.19,1366.67,825,987.5,1225,153.33,190.67,1600,183.43,252.03,538.46,800,299.11,815.03,164.98,170.1,940.74,1953.64,225.88,510.83,262.1,285.88,295.16,252.32,259.75,407.16,105.55,825.67,858.46,276.04,582.42,613.33,319.35,500.25,37.92,289.6,289.6,872.22,1170.91,291.67,250,341.18,800,1800.77,1875,350,473.86,1334.9,160,191,1500,279.31,295.65,502.67,807.14,257.3,950,104.72,111.43,950.79,1427.84,157.42,503.03,300,200,251.24,217.13,333.74,337.38,71.78,550,866.67,185.69,480,700,135.31,486.15,36.54,370,313.14,844.03,1243.4,226.36,224.17,259.68,833.33,1701.93,1464.29,603.33,712.5,1260,147.14,170,1100,200.65,243.66,503.33,870.74,159.79,969.23,145.37,164.91,1153.85,1277.61,150.63,472.38,288.52,200,236.24,238.51,241.38,310.13,106.13,700,700,183.14,488,623.33,198.2,650,50,418.2,405,1240.59,1535.91,435.71,439.29,433.33,1216.53,2286.16,1705.29,942.73,1186.55,1582.4,150.56,194,1912.5,242.46,253.71,578.18,1118.21,274.91,1067.4,296.36,323.16,1382.77,1792.46,251.28,591.11,218.06,198.99,480.41,397.03,455,508.25,276.46,1022.39,945.82,370.55,564.44,777.27,444.97,555,38.33,438.82,344.89,776.04,1216.21,307.14,250,482.06,863.25,1710.51,1306.68,825,1100,1514.46,190,194.21,1550,144.13,153.92,584.76,607.23,383.33,867.42,155.31,164,985.61,1518.58,285.36,430.37,259.55,243.47,281.7,237.68,305.79,313.96,132.9,871.71,897.07,249.57,440.35,623.33,454.62,600.34,48.57,417.45,410.45,959.29,1391.62,353.33,326.67,450.74,986.92,2240,1601.12,700,980,1686.11,176.67,187.59,1636.11,164.93,201.09,550,1031.82,305.26,949.49,247.31,256.52,886.08,2120.58,211.43,498.85,190.63,185.93,361.35,265.45,372,411.71,157.25,960,961.53,344.32,545.68,712.5,196.34
5/1/2018,595,45,396.65,365.61,1000,1281.82,300,299.09,350,885.33,1499.47,1372.22,908,1100,1307.14,170,203.33,1600,206.64,250,601.28,820.08,307.19,815.56,183.64,191.32,1017.05,1908,218.91,535.83,270.34,282.97,305,297.86,274.56,407.14,135.21,815,838.64,262.26,604.76,582.5,326.28,485,36.82,316.61,295.26,900,1190,300,267.78,321.46,795.38,1764.29,1758,375,485.29,1250,150,186.67,1505.87,299.05,284.2,521.21,844.29,240,950,115.24,106.31,893.64,1436.05,151.59,480,272.73,240,287.05,211.36,308.07,356.38,71.52,550,886.36,205.52,465.45,675,140.28,527.33,39.33,398.6,346.74,878.75,1208.28,217.78,227.69,262.93,900,1699.14,1500,666.67,700,1304.76,146.67,167.5,1166.67,203.07,253.92,491.67,888.69,203.7,1100,131.13,172.87,1246.67,1303.98,159.84,465.83,300,247.7,255.58,241.44,247.38,317.59,115.21,789.61,683.33,208.3,467.56,630,203.55,648.67,49.33,445.99,412.32,1203.52,1493.18,410.83,445.83,418.33,1232.2,2314.86,1733.33,992.99,1158.26,1549.96,151.43,188,2011.11,255.99,271.27,581.07,1144.53,303.01,1093.52,277.87,312.98,1312.53,1851.37,256.72,544.44,195.8,191.28,476.7,374.18,431.25,504.91,271.54,1121.09,1009.61,386.94,550,769,414.23,514.35,40,500,367.24,848.31,1236.94,308.28,249.6,496.25,866.04,1649.6,1288.06,917.39,1114.69,1543.62,186.83,205,1570.9,148.33,200,594.88,661.9,396.81,879.72,158.31,167.65,990.8,1538.63,290.93,454.91,316.13,277.18,301.05,266.23,323.33,325.06,150.83,901.15,906.41,253.47,485.95,657.74,465.49,658.33,50,407.3,403.82,1016.26,1383.82,367.86,333.33,451.1,1050,2586.87,1533.33,725,966.67,1591.67,176.81,190.22,1607.69,170.41,221.46,606.67,936.67,345.24,915.73,243.89,244.74,886.78,2266.67,215.33,477.19,198.93,193.92,354.81,267.41,348.39,401.44,155.33,1000,937.72,347.21,531.93,740,218.14
6/1/2018,587.86,44.9,411.81,354.05,1068.31,1304.12,295.24,288.93,358.67,973.46,1519.4,1416.23,950,1100,1373.33,178,195.6,1585,189.99,231.18,612.12,847.62,307.68,916.41,195.19,209.87,1157.35,1830.25,234.54,525.83,249.2,308.68,312.95,265.75,256.77,397.26,121.99,714.29,797.06,251.88,597.27,605,369.89,498.71,39.29,295.19,283.74,887.5,1121.43,298.89,257.27,305.17,800,1698.57,1769.21,350,500,1300,155,184.62,1500,281.53,282.51,595.24,800.58,232.24,951.45,113.28,105.07,875,1443.94,152.54,488.57,250,200,290.02,216.03,294.48,324.7,99.77,526.46,860,232.72,432.38,683.33,140.65,530.67,40.59,398.76,355.65,885.98,1247.28,220,244.67,259.13,1067.21,1561.36,1500,681.82,700,1353.23,148.33,167.06,1144,255.95,256.75,519.11,834.98,227.36,989.09,122.42,186.78,1298.49,1282.88,162.63,475.29,337.7,232,288.38,255.14,241.38,348.88,134.05,800.88,700,234.58,491.43,650,255.88,605,46.21,420.11,405.12,1241.09,1463.35,398.44,427.14,424.72,1213.03,2152.22,1734.55,931.82,1184.62,1500,151.53,181.9,2009.38,248.21,221.38,581.48,1036.14,303.22,977.09,268.48,309.17,1313.44,2000,257.23,600,223.63,201.95,477.03,354.55,430.07,495.71,261.11,1109.33,961.41,363.02,532.5,750,445.77,494.25,36.75,515.74,367.43,776.87,1219.81,312.5,252.63,436.9,903.17,1661.07,1300,918.17,1150,1526.85,189.37,195.22,1400,146.74,252.64,591.67,646.79,406.67,822.81,170.6,183.55,985.83,1557.86,275.96,433.33,383.06,280.79,306.82,260.39,315.54,318.38,164.16,893.08,873.99,265.17,506.67,694.64,473.33,648.33,50,423.23,398.67,1047.89,1405.2,376.92,316.67,446.67,1107.44,2637.2,1550,700,1000,1630.43,176.94,191.33,1697.92,171.03,215.03,666.67,980.26,357.27,937.89,246.03,240.96,900.64,2318.52,222.05,468.89,198.51,207.87,351.66,263.31,370,399.13,153.15,934.78,921.85,361.51,533.33,730,230.26
7/1/2018,488.89,45.45,412.18,358.06,1033.33,1328.57,305,290,233.33,1055.56,1541.8,1436.36,1000,1216.67,1571.43,165,180.91,1650,179.14,224.85,629.63,908.57,284.57,908.33,192.67,193.83,1166.67,1905.65,288.83,509.52,253.09,313.64,316.67,256.45,258.38,394.37,122.05,766.67,802,307.14,569.7,620,357.18,432.86,37.86,278.71,299.21,900,1184.62,292,268.89,350,850,1622.81,1765.76,375,500.55,1314.29,150,187.14,1525,175.49,208.8,519.67,878.89,206.36,1000,106.51,106.8,805.88,1495.89,143.56,485.71,206.67,190.85,270.77,204.11,308.74,320.02,101.51,500,900,205.3,464.76,650,133.74,473.85,39.62,409.75,408.54,904.53,1101.46,235,274.62,279.75,900,1581.82,1510.05,689.09,703.07,1331.6,150,163.85,1205,265.75,251.63,532.31,839.47,216.32,1020,120.7,171.79,1333.33,1282.25,151.74,446.15,397.87,237.69,256.07,285.56,266.11,324.25,121.22,815.45,683.33,270.43,450,700,234.11,560,48.18,447.38,418.96,1239.59,1431.88,407.5,412.5,415.91,1200.14,1982.47,1713.22,947.64,1194.37,1480.93,152,183.85,1845.45,237.95,259.49,568.67,1102.6,320.25,998.47,253.56,302.6,1300.69,1963.97,242.28,605.56,200.55,184.81,483.04,382.02,457.54,510.33,221.85,1170.49,958.77,418.46,533.33,751.11,399.21,450.2,38.3,485.84,357.16,759.39,1206.52,302.78,252.27,432.81,870.34,1689.09,1350.97,917.02,1166.67,1520,189.3,202.5,1350,140.75,250.35,564,688.03,400,893.85,174.67,183,957.38,1510.06,269.88,434.44,283.86,295.09,306.08,255.71,304.53,304.2,136.46,800,820.31,269.39,548.89,687.69,450.47,570.9,50,419.13,399.87,939.11,1315.1,365.54,308.46,430,1064.42,2571.35,1487.89,750,1100,1575.91,175.52,189.31,1705,168.3,211.38,657.48,1017.24,356.6,918.31,240.02,239.92,920.56,2369.61,228.02,478.57,218.74,193.73,344.01,270.28,360,397.67,151.63,1000,941.48,377.28,517.78,715,220.47
8/1/2018,489.23,46.25,417.73,355.59,1150,1319.23,313.64,283.33,233.33,1083.33,1413.07,1481.25,1000,1200,1566.67,160,182,1600,192.75,224.9,638.89,851.43,289.21,1000,193.16,206.42,1200,1915.24,286.42,522.81,288.47,297.92,326.92,260.76,244.3,381.36,124.57,800,825.29,317.6,540.83,637.5,392.86,450,38.5,250.19,294.65,1000,1148.18,296.67,270,341.38,815.24,1528.57,1685.83,380,550.19,1300.42,147,176.67,1480,186.87,213.51,495.56,825,197.83,1000,110.72,109.6,790,1500.8,134.88,493.33,228.57,216.67,258.57,211.84,300.86,352.74,90.58,550,915.33,199.58,451.11,675,142.37,445,37.33,400,398.2,1088.3,1231.74,238.89,266.67,251.42,1007.5,1606.14,1602.78,658.28,700,1329.58,145.56,166.56,1125,271.05,235.7,520,830.56,217.01,950,112.05,154.33,1363.64,1306.97,159.27,473.85,381.39,247.12,242.86,267.58,291.67,330.43,126.71,867.6,696.67,282.26,473.85,713.33,262.38,530,48.13,430.36,406.23,1279.19,1455.69,414.55,413.64,425.21,1192.12,1974.22,1727.49,960.91,1155.17,1394.93,148.33,184.62,1890.91,257.51,265.93,570.53,1033.89,315.45,1001.32,301.51,347.81,1288.46,1894.44,235.57,587.18,186.4,168.57,507.5,420.02,458.13,521.65,223.85,1216.09,1016.19,425.07,512.82,742,371.49,411.58,38.06,469.67,349.82,754.05,1247.49,310.71,257.89,436.31,883.23,1696.51,1372.39,918,1166.67,1563.89,189.36,195.26,1433.33,130.3,241.23,565.33,674.77,395,832.93,174.47,186.02,1187.5,1620.41,289.99,432,277.14,241.6,282.13,264.12,305.09,322.69,141.43,820.37,829.79,281.93,538.25,686.15,488.02,555.56,50,422.95,408.73,1036.23,1384.36,357.69,315.38,390.37,1100,2481.05,1488.79,800,1142.86,1491.99,175.63,187.04,1736.84,166.97,226.99,642.86,1071.43,380.29,933.7,246.15,237.7,921.11,2400,206.1,497.44,238.66,205.19,354.37,260.24,363.08,390.79,153.77,1000.6,986,375.63,512.59,702.22,235.55
9/1/2018,498,44.41,436.5,367.47,1000,1260,318.75,300,259.8,1101.75,1506.75,1466.67,1100,1325,1555.56,180,192.86,1700,201.04,245.98,636.06,825,266.92,1075,195.58,197.86,1300,1818.18,258.46,591.11,274.07,270,408.46,253.07,268.53,374.08,138.19,840.74,827.16,313.64,604.76,625,379.87,420,39.38,294,319.8,985,1200,285.71,251,343.09,903,1582.53,1709.41,381.9,552.94,1285.57,140,181.43,1487.4,126.67,194.07,518.33,950,150.72,950,121.62,101.14,793.95,1650,177.88,510.42,212.96,201.79,310,250.31,303.27,357.14,108.61,553.85,984.77,219.17,454.29,650,151.13,461.67,40,400,358.01,1050.91,1222.89,231.25,222,265.69,960,1593.94,1500,716.67,790.91,1330.59,145,162,1125,258.55,273.08,536.67,855.77,206.64,918.18,115.96,116.26,1307.69,1294.55,172.27,452.5,389.55,242.36,261.26,235.93,278.6,313.99,129.42,908.89,689.97,276.11,480,700,278.33,502.86,44.23,430.28,410.77,1137.53,1482.28,408.33,422.73,435,1108.96,1839.45,1695.79,896.46,1179.61,1366.09,143.57,187.69,1808.33,243.79,247.55,575.14,975.06,354.11,862.65,300.6,353.05,1105.84,1834.18,209.87,592.4,176.16,167.69,550,429.87,437.92,512.14,208.24,1236.52,952.99,452.55,534.35,700,351.3,414.38,36.33,477.19,342.92,680.83,1271.98,309.09,253.13,433.25,886.33,1703.02,1382.63,917.14,1200,1566.97,189.3,193.33,1466.67,156.04,223.04,561.67,656.03,350,855.71,179.38,194.71,1213.73,1688.74,291.3,477.78,281.68,269.18,302.98,260,323.69,331.99,152.81,800,836.8,306.53,535.42,680.89,438.34,512.59,45,433.22,400.35,984.8,1402.75,353.57,336.67,380,1205,2196.31,1546.15,800,1066.67,1504.82,176.83,190.38,1805.56,165.82,201.7,646.67,1022.22,329.44,948.62,244.07,240.38,951.26,2266.27,212.11,503.69,258.04,212.73,353.68,270.26,356.67,395.99,176.1,1090.91,974.02,253.35,528.72,709.09,198.36
10/1/2018,508.89,46.36,395.27,346.31,1076.53,1300,305,290,250.48,1071.43,1546.3,1484.85,950.57,1350,1600.15,165,187,1650,183.69,213.28,595.24,900,256.81,1000,175.14,184.26,1421.57,1884.62,223.06,533.33,251.59,239.61,371.26,260.12,250,385.34,122.25,825,876.3,308.58,588.15,607.89,342.88,427.14,38.44,298.98,279.8,916.67,1209.19,270,243.57,321.21,900,1419.64,1600,350,575,1190.06,150,196,1485,148.97,196.62,521.21,855.56,235.85,950,98.06,98.5,897.68,1685.12,126.97,520.2,228.44,179.23,282.85,220.69,298.11,321.7,93.47,547.41,950,187.6,465.11,610,127.62,500,40.59,381.76,328.53,1030.95,1147.28,260,230.67,259.13,1067.21,1552.96,1500,650,785.71,1403.23,148.33,157.06,1140,255.95,256.75,519.11,849.58,227.36,909.09,125.73,126.78,1128.49,1200.3,162.2,475.29,350,232,268.38,255.14,241.38,348.88,150.92,900.88,700,234.58,491.43,701.32,252.02,519.29,48.67,433.21,413.53,1093.75,1434.31,407.27,428.46,438,1193.87,1947.38,1616.75,867.95,1109.52,1330.36,146.43,190,1900.09,238.95,245.14,533.33,1035.86,375.14,986.62,298.74,309.01,1116.24,1862.73,219.33,593.33,183.14,171.03,513.63,418.1,457.22,515.09,202.61,1206.35,957.05,460.02,585.71,716.67,345.75,490,37.5,477.02,343.15,711.9,1276.82,325,263.89,412.56,869.57,1713.91,1276.19,906.32,1200,1528.39,187.32,198.95,1500,139.17,176.11,583.33,595.68,300,907.19,156.88,178.95,1096.97,1733.33,251.95,468.1,262.4,252.73,311.02,271.37,335.69,345.88,132.96,788.89,782.33,272.21,540.51,602.73,335.48,557.14,50,428.67,395.71,1000,1400,353.75,336.84,380.19,1250,2197.84,1547.24,725,950,1505.58,176.94,186.07,1778.42,156.97,200.32,647.25,1000,362.86,949.29,244.29,240.53,952.03,2268.09,192.24,503.99,220,192.88,353.9,270.42,356.95,396.31,155,1091.45,974.51,303.55,528.98,720.83,186.46
11/1/2018,500,46.14,369.37,328.31,985.38,1280,322.22,300.25,301.33,1125,1602.78,1509.09,945.86,1283.54,1539.96,150,174.29,1600,183.97,214.63,614.29,985.33,344.76,1075,149.06,144.31,1375,1922.79,257.4,533.33,254.73,230.67,378.06,278.17,257.41,398.56,139.69,926.32,1071.1,287.11,597.9,654.67,203.45,430,37.92,310.13,324.4,966.67,1230,254.55,241.67,335.56,1075,1540,1617.78,385,583.33,1200.53,168.57,197.5,1500,155.39,215.53,658.18,889,319.35,900,87.17,93.09,894.81,1522.52,142.54,501.11,308.15,212.73,278.27,211.08,230.47,333.58,106.33,651.28,920,185.33,485.67,666.25,138.65,460,40.59,381.76,331.14,1079.3,1147.28,260,248.75,259.13,1067.21,1558.42,1350,620,735,1403.23,148.33,157.06,1200,252.33,254.45,519.11,834.98,307.36,909.09,121.66,125.8,928.49,1200,148.01,475.29,350,232,288.38,253.15,241.38,348.35,134.01,875.81,700,254.09,491.43,715,274.16,528.13,48.75,448,421.67,1082.1,1353.13,440,460,475,1218.15,1967.9,1702.04,875.02,1122.44,1213.08,148.75,187,2000,238.73,246.36,544.44,1043.72,390.81,939.74,270.99,316.75,1130.56,1960.48,343.72,520.83,172.13,167.74,503.76,448.06,477.36,519.2,214.86,1347.04,988.16,391.25,517.78,725.71,306.81,425,37.94,420.37,317.41,726.25,1319.07,328.57,247.06,428.73,849.07,1820.28,1222.22,914.62,1200,1585.58,188.82,192.63,1450,110.42,138.06,575,612.75,350,885.56,128.98,140.05,1005.71,1853.97,241.01,460.95,227.48,238.49,300.55,263.87,312.75,382.35,138.68,770.37,841.14,205.12,533.33,605,337.54,561.54,50,409.03,386.06,920.65,1435.25,355,308.57,380.53,1283,2215.43,1559.61,750,966.67,1510.63,180.54,186.24,1780,157.75,201.32,652.43,1000,350,956.88,246.25,242.45,956.79,2279.43,300,508.03,200,200,354.14,272.61,357.2,398.59,120,1102.44,950,253.76,529.46,731.67,176.59
12/1/2018,498.89,45.45,376.18,308.06,1000,1276.81,305,290,333.33,1050,1541.8,1530.025,800,1020.83,1500,155,180.91,1700,163.16,189.84,609.63,1000,284.57,991.67,127.43,141.14,1300,1605.65,201.64,509.52,205.07,209.55,316.67,256.45,258.38,333.07,103.14,800,938.57,245.53,509.7,570,198.85,437.14,37.86,304.05,300.21,1009.88,1284.62,230,233.33,333.33,1200,1651.5,1650.56,300,550,1230,155,187.14,1500,158.33,165.43,542.22,766.67,329.58,1000,106.51,106.8,1002.5,1595.8,147.07,485.71,280,200.85,270.77,224.11,308.74,328.78,101.51,600,900,174.66,445.71,666.67,129.58,425.43,37.69,350,384.59,1036.6,1171.76,223.33,220,289.95,996.32,1600,1400,600,600,1566.67,157.5,163.75,1500,177.87,211.73,453.33,911.11,219.32,862.12,102.95,103.51,1076.92,1296,123.65,425.05,265,255,214.29,267.5,251,370.02,107.74,809.89,750,175.68,430.3,731,192.89,523.33,48,433.82,417.86,1036.08,1395.48,421.44,419.23,505,1342.39,1842.83,1783.03,846.21,1167.02,1309.19,147.14,183.33,2000,231.75,251.67,550.03,984.83,370.5,1078.69,300.24,333.02,1101.79,1837.07,426.12,500.44,182.46,173.51,566.67,428.26,468.18,521.33,196.15,1262.31,999.28,413.57,518.22,735.56,292.03,412.22,37.97,424.07,304.12,778.14,1245.58,327.78,262.5,372.5,869.57,1990.5,1350,900,1216.67,1570.92,160,205.29,1600,114.36,121.66,505,652.38,250,870.17,105.41,112.92,949.63,1676.59,225.27,458.52,196.56,203.45,303,286.54,315.06,371.91,104.74,750,717.05,174.98,502.11,580.71,261.71,550,50,436.54,406.48,914.61,1400.66,350,289.29,410,1227.54,2395.87,1600.05,800,1066.67,1491.56,180.02,188.52,1812.5,139.99,174.87,703.33,964.25,400.43,988.84,249.79,240.38,980.45,2404.76,387.21,500.25,250.23,195.41,352.38,278.74,332,397.16,125.91,1043.48,984.19,329.92,539.49,745.83,178.91
1/1/2019,500.56,45,354.74,300.84,1091.41,1286.62,320,285.71,316.67,1075,1600.74,1542.86,810.63,1100,1545.45,160.27,182.52,1725,180,200.71,589.47,909.09,268.49,1040,116.9,119.78,1275,1562.39,250.66,514.78,224.09,200.17,333.33,303.7,300,348.72,134.52,850.53,1000.53,275.68,559.68,600,170.34,460,40,278.57,264.84,953.51,1220,238.89,210,306.67,1175,1708.33,1647.65,300.63,500,1200.85,150,181.82,1513.03,136.29,170.68,555.56,807.86,294.47,980,97,96.2,936.54,1533.28,157.58,506.67,290.39,222.22,268.55,213.52,311.22,345.59,101.99,558.33,843.75,162.73,450.33,660,119.38,460,40.92,350,384.59,996.77,1158.18,223.33,220,295.75,960.93,1640.56,1492.35,600,600,1666.67,167.5,162.86,1500,177.87,211.73,434.87,912.35,212.82,884.09,116.86,89.94,1076.92,1272.35,213.65,443.81,304.04,239.28,252.32,310.58,263.55,320.46,98.31,816.67,700,205.96,430.3,749.3,218.84,526.25,48.75,425.47,400.57,1040.38,1407.93,420.85,411.54,480,1393.77,1903.2,1730.65,847.59,1172.34,1317.01,146.67,182.67,2087.5,215.65,219.41,533.33,948.57,357.9,1023.93,282.52,302.75,1121.53,1859.79,442.74,500,186.24,180.71,527.14,412.56,450,507.14,201.06,1288.88,903.1,396.69,506.97,730,278.47,413.91,40,423.33,323.6,784.47,1286.89,312.16,270,385.13,867.53,1972.85,1299.6,915.18,1152.74,1549.5,186.69,200,1485.08,136.67,142.55,577.16,651.22,317.86,864.79,133.93,135,1004.82,1612.86,250,441.4,225.22,247.27,303.89,256.58,310.65,331.16,135.1,800.95,838.83,207.08,486.67,641.17,298.32,551.17,50.01,443.73,406.67,932.73,1442.88,355.54,305,398.64,1214.29,2429.42,1620.29,800.74,1100,1425.29,180.04,190.76,1792.22,140.71,177.19,673.33,1000,395,960.07,247.51,259.63,980.59,2520.24,325.41,505.75,234.22,196.69,360,264.64,355.74,401.84,122.85,983.08,1005.69,292.48,525.4,731.82,164.73
2/1/2019,518.57,45.71,380.22,326.85,1103.33,1380,324.29,287,323.33,1175,1705.38,1551.19,816.77,1080,1455.56,160.15,184,1708,169.44,187.62,594.44,921.67,275.03,1087.5,120.57,128.65,1250,1566.38,274.6,524.44,257.89,237.64,336.96,304.8,318.06,352.31,148.65,905,1071.1,306.59,550,591.67,203.87,438,38.69,280,271.27,1000,1188.89,230,202,317.36,1160,1690,1640.78,305.82,539,1252.71,147.33,176.67,1498.8,146.1,177.31,529.11,788.75,273.02,1000,93.22,98.15,891.21,1571.21,143.51,497.5,303.97,242.65,285.75,230.85,302.07,342,89.51,550,910,165.74,440,675,124.34,433.53,39.71,342.65,374.96,980.95,1238.1,232.5,212.14,343.61,943.48,1633.33,1500,601.3,625,1700,140,182.94,1685,172.79,198.97,465.19,900,242.42,818.18,101.83,92.35,1007.69,1300,210.33,426.67,261,213.01,249.12,297.84,271.25,360.34,113.12,835.61,850,201.02,429.63,700,204.67,525.29,49.44,409.04,414.12,1050.06,1361.49,425,416.43,470.33,1411.06,2014,1679.29,831.75,1121.6,1400.79,148.5,185.67,1972.73,226.23,245.96,533.33,1063.99,350.57,990.54,300.11,349.8,1096.02,2007.32,356.4,477.78,191.23,184.08,536.78,428.73,473.13,515.21,220.63,1233.26,1034.63,399.23,524.44,722.5,309.51,426.67,38.68,398.52,296.63,709.6,1202.21,300,247.06,381.2,925.93,1909.92,1396.83,909.31,1016.67,1538.46,170,200.56,1500,128.51,125.98,607.41,641.83,300,881.15,135.96,132,936.26,1650,235.86,436.49,236.7,265.31,305.29,252.08,308.24,330.88,122.06,716.13,770.08,202.38,434.81,612.86,294.81,572,49.23,449.78,415.09,890.1,1418.73,364.29,328.57,399,1225,2475.08,1576.39,820,1150,1509.59,180.2,189.58,1800,145.22,174.06,700,1042.02,400.7,934.03,236.22,238.22,988.43,2433.33,283.07,486.4,221.04,197.28,363.92,280.89,356,406.5,138.57,927.49,1010.72,285.91,517.22,750,154.66
3/1/2019,515.77,45.33,380.42,320.1,1107.62,1400.74,314.29,279.09,331.58,1157.69,1697.43,1548.81,805.22,993.33,1461.47,158.48,181.33,1721.83,167.26,185.91,600.84,930.09,287.68,1030.38,123.12,130.51,1252.3,1587.02,245.39,515.83,261.37,242.92,315.86,300.44,306.37,351.58,135.36,918.18,1062.08,284.07,559.83,602.16,208.63,440.6,38.84,281.03,268.15,1002.88,1180,231.25,214.55,308.66,1200,1710.6,1620.73982,312.8,542.57,1255.95,150.07,179.09,1500.26,143.33,185.4,502.67,801.01,261.08,1002.86,78.81,78.7,900.43,1553.58,128.44,495.76,343.14,236.11,292.18,231.37,312.42,335.05,85.09,582.49,912.76,107.24,482.42,681.67,129.63,428.75,40,332.19,356.53,999.73,1226.46,222.22,220.63,350.24,928.67,1651.03,1515.95,600,631.02,1712.03,146.67,187.37,1702.38,184.68,181.01,459.33,895,235.84,829.09,97.78,89.04,995.85,1312.21,192.94,429.8,255,201.12,250.18,293.68,274.02,356.76,136.97,853.92,854.55,186.14,435.11,700,200.15,556.25,40,415.47,408.57,1140.38,1317.93,453.85,411.54,450,1393.77,1953.2,1673.65,907.59,1207.34,1397.01,146.67,182.67,2087.5,215.65,219.41,533.33,998.57,377.9,1023.93,282.52,302.75,1121.53,1989.79,342.74,500,186.24,181.71,497.14,412.56,450,507.14,201.06,1288.88,903.1,396.69,506.97,730,298.47,411.67,37.41,387.44,285.31,722.52,1206.81,300,239.58,388.02,899.2,1892.75,1408.17,900.12,1000,1522.27,177.02,198.85,1510,108.33,112.33,608.33,656.18,300,898.1,115.98,105.03,925.59,1645.99,207.74,414.36,226.14,254.8,295.63,267.44,294.12,320.73,95.3,734.78,778.24,197.99,439.88,618.75,286.1,532.35,48.68,421.12,396.88,875.35,1398.86,387.5,354.29,400.28,1278.89,2013.75,1600,820.86,1083.33,1429.29,190,188.13,1784.62,141.84,178.09,686.67,1172.27,383.38,977.64,241.36,243.1,1000.83,2392.66,253.54,466.67,197.8,172.14,360.63,276.57,347.14,400.05,168.6,930.96,967.69,260.86,524.44,755.33,130.5
4/1/2019,519.17,45.42,350.19,315.17,1200.91,1450.32,325,264.29,323.33,1217.97,1701.78,1602.22,820.13,1050,1503.33,160,180.83,1750,165.62,198.99,646.67,1016.67,305.89,1150,145.87,153.92,1300,1608.92,286.36,496.41,279.43,254.63,307.78,294.08,295.5,379.91,155.7,1083.33,1155.63,285.21,548.67,595.33,317.57,461.82,40.09,292.42,274.49,950,1176,226.54,214.67,302.17,1250,1787.5,1622.04,312.95,542.84,1256.83,158,181.82,1550,140.41,176.65,493.33,887.5,272.59,1050,88.26,88.03,1000,1616.25,106.8,469.09,300,227.86,271.97,241.44,301.07,322.41,75.83,599.41,933.33,104.21,470.3,662.5,138.93,471.43,40.64,340,299.18,998.29,1210.23,237.5,218.18,365.41,933.33,1670,1500,655,675,1750,160,190,1790,180.62,184.96,414.29,887,277.68,900,96.63,96.09,988.81,1400,195.88,448.21,209,199.2,267.86,291.88,285.01,350.16,96.88,864.1,865,242.18,416.87,716.67,242.41,530.52,46.33,432.09,409.07,1178.32,1360.11,438.46,426.92,473.81,1431.39,1977.4,1694.64,1018.44,1228.39,1420.88,150,185.67,2070,264.3,255.91,540.73,1092.8,388.58,1100.79,297.9,326.57,1155.26,2056.08,356.94,550.28,203.3,184.1,512.7,416.93,471.43,514.64,227.3,1303.7,1081.39,404.12,548.26,737.27,314.42,410.5,36.97,360.17,271.41,757.79,1253.79,310,261.11,375.39,877.13,1926.27,1485.71,900,1000,1591.66,175.32,200,1600,119.56,150.66,581.67,670.13,300,859.25,99.84,123.96,934.78,1662.99,240.59,424.93,220.47,268.89,303.25,249.63,290.88,294.12,115.6,724.24,798.05,208.13,433.33,603,289.79,569.33,49.83,462.7,412.19,928.17,1409.8,353.53,331,400.52,1200.86,2100.13,1618.18,850,950,1515.59,190.11,187.33,1747.06,149.63,184.34,683.33,1203.82,401.04,1019.3,243.33,244.24,1058.64,2183.53,275.84,468,251.72,200.07,351.82,269.66,352.14,385.16,165.42,931.52,973.05,277.73,555.11,758.89,163.93
5/1/2019,519.48,45.44,344.8,326.77,1235.29,1452.57,325,265.47,323.5,1226.5,1685.01,1573.49,820.71,1050.63,1487.69,160.59,179.83,1762.25,163.81,194.79,618.18,1000.83,297.36,1129.23,129.69,133.5,1343.4,1636.67,266.67,457.78,254.29,223.08,306.67,279.14,282.37,381.69,138.15,1054.55,1121.47,292.06,545.24,570,312.98,463.33,40.18,281.9,280,942.86,1201.58,230,225.56,296.99,1200,1810,1623.01,313.14,543.17,1266.88,160,171.82,1500,152.72,183,502.86,920,300,1000,73.12,76.35,1015.3,1580.67,130,483.34,302.1,250,246.64,238.2,293.34,320.2,90,600,950,110,491.43,637.5,150,465.71,39.64,340,316.68,1020.86,1178.4,230,221.82,371.09,925,1653.33,1500,625,675,1705.01,160,186,1780,170.62,188.6,404.76,875,267.68,895,108.79,104.64,970.81,1402.31,178.77,425.87,198.65,201.37,271.03,273.24,282.01,368.05,100,856.41,825.88,198.84,397.06,710.67,251.99,510.77,45.87,420.51,397.5,1198.43,1339.04,454.17,440.91,421.85,1407.5,1961.95,1694.56,1098.12,1202.42,1405.62,142.22,182.27,1962.5,230.46,235.18,545.06,952.14,371.59,958.67,298.52,317.81,1033.81,1998.25,378.89,507.02,226.09,184.66,502,407.69,452.22,493.38,215.47,1278.68,918.84,420.66,521.66,703.33,320.6,396.36,38,324.48,271.21,789.32,1240.8,310.71,252.63,355.56,842.11,1901.39,1509.32,892,1020,1581.96,175.95,202.27,1650,112.83,119.23,554.5,679.77,289.11,902.33,106.32,123.5,894.45,1625.5,248.86,439.65,204.92,234.84,323.06,250.74,297.55,307.46,95.51,690,759.49,219.66,440.12,617,243.68,560.4,50.42,444.05,411.01,906.59,1392.71,343.75,305,392.65,1229.76,2254.6,1603.72,822.9,1016.67,1591.03,191.25,189.13,1780.97,149.19,189.85,652.78,1192.78,462.66,931.29,231.41,236.16,1064.99,2252.44,281.59,451.33,235.35,197.06,355.29,262.64,339.17,388.8,170.02,937.11,961.07,279.24,543.07,747.5,165.17
6/1/2019,502.22,40,353.78,305.28,1244.94,1374.44,325,255,293.33,1195.33,1598.86,1547.22,789.25,994.2,1398.67,150,163.08,1820,147.74,161.29,600,937.42,218.24,1212,143.7,146.53,1275,1589.5,259.64,491.67,268.18,298.02,290.32,259.78,258.06,377.63,135.81,983.33,1081.45,275.76,485.71,633.33,251.43,485,39.17,279.63,275.71,897.43,1173,225.56,225.45,299.45,1126.67,1797.44,1599.03,302.3,536.21,1285.02,138,179.67,1550,136.45,141.44,482.22,900,275.33,988.89,83.69,82.81,978.33,1517.26,129.02,492.12,270,200,263.55,220.17,256.49,309.86,74.42,566.67,900,105.96,442.22,703.33,124.21,495.71,39.64,340,299.18,951.4,1126.89,236.25,281.82,364.92,883.33,1580.23,1500.2,600,675,1625.3,160,190,1800,150.62,144.96,400.37,900,197.68,885.71,103.61,97.47,900.81,1392.13,104.38,448.21,189.32,194.02,221.43,244.88,290.23,357.92,96.88,789.98,825,142.18,412,716.67,220.12,503.33,40,440.89,411.03,1223,1375.77,450,425,411.11,1391.36,1893.5,1653.87,1075.08,1195.71,1405.81,143.33,180,2024.44,200.39,207.33,566.67,905.8,338.09,929.06,238.23,283.35,1013.59,1958.58,325,500,193.54,190.63,488.89,411.72,445,493.33,222.64,1224.08,932.16,378.59,583.33,719,274.67,485,37.92,360.61,251.11,812.94,1211.58,307.14,250,361.02,888.89,1882.65,1583.12,851.23,999.31,1578.15,174.23,201.67,1700,106.67,116.03,613.33,650.28,300,848.34,97.92,111.36,820,1600.18,202.19,417.78,205.23,217.65,330.21,240,284.8,294.12,97.17,687.1,803.73,203.37,433.33,607.14,205.5,550,40,413.64,401.67,960.73,1372.33,330,300,395.12,1198.46,2150.94,1600,800,"1,000.00",1530.77,184.03,187.27,1825.5,137.66,159.55,700,1172.36,431.43,977.7,236.36,236.36,1017.46,2215.52,249.92,427.88,266.27,249.66,365,268.18,353.33,392.73,198.88,912.5,942.59,236.46,497.22,750,149.71
7/1/2019,460,40,345.89,305.48,1243.33,1381.48,357.14,250,283.33,1176.32,1565.9,1496.33,750,990.63,1352.31,150,183.33,1800,146.22,151.05,586.15,918.18,209.46,1200,123.59,125.14,1233.33,1536.11,241.67,461.54,251.23,265.59,293.33,290.95,266.67,387.08,134.44,970,1050.05,253.46,485.21,600,220.86,427.5,37.27,255.31,237.51,853.33,1150,227.5,202.3,254.06,1100.33,1750,1560,300,525,1300.02,155,186.67,1570,166.7,149.32,489.52,944.44,239.42,950,94.39,92.18,930,1487.5,94.67,449.33,222.22,222.22,258.68,223.22,243.97,334.51,73.83,520,898.34,103.38,410,725,142.07,465.71,39.64,340,263.54,912.97,1156.89,230,281.82,376.36,853.33,1550.23,1475.61,525,650,1598.3,160,189.35,1850.14,150.67,134.96,405.48,875,192.68,900,99.19,90.08,870.81,1352.09,94.38,448.21,180.22,185.21,256.89,238.98,301.26,358.05,86.88,759.98,825.92,122.18,416.56,700.67,185.8,474,31.88,440.53,403.19,1255.69,1396.95,426.67,423.53,405,1298.47,1899.75,1618.56,1039.35,1156.11,1395.06,141.67,180.67,2075,248.61,253.87,496.67,905.07,303.69,926.76,199.05,237.24,1055.26,1892.33,344.97,444.44,247.52,219.39,433.33,406.12,491.11,452.5,224.51,1184.4,950.57,319.18,570.48,742.31,244.05,454.12,38.06,310.42,211.99,814.33,1256.52,312.5,253.13,365.12,863.54,1863.8,1573.97,798.33,971.11,1522.03,171.02,201.25,1750,129.17,113.24,575.56,679.71,251,901.68,95.98,101.61,839.35,1590.84,200.15,428.57,203.8,202.99,303.21,238.01,287.89,302.94,142.23,669.14,842.63,208.06,431.43,622.73,190.72,554.84,36.89,394.16,391.28,1010.2,1330.3,356.25,345.83,396.23,1156.67,2102.31,1627.78,750,966.67,1522.59,170.3,183.33,1895,141.52,156.82,655.56,1125.49,377.29,942.65,232.53,230,1002.16,2172.22,192.77,432.26,245.71,233.23,317.83,284.59,320,375.88,171.09,881.59,884.88,200.66,525.52,725,177
8/1/2019,485.45,42.85,305.48,297.09,1198,1344.44,335.71,268.18,298.56,1136.06,1540.7,1509.52,800,1000,1379.16,150,180.74,1750,156.79,163.19,619.04,970,255.64,1155.78,129.59,131.52,1192.1,1550.3,238.14,462.5,276.27,278.11,305,286.96,266.66,364.79,146.48,1005,1088.33,263.98,466.66,590.38,218.15,454.44,38.18,239.5,202.79,900,1108.33,268.75,242,288.79,1120,1762.2,1567.8,326,575,1306.5201,152,182.72,1600.48,150.69,159.29,466.66,937.5,253.42,1000.33,80.05,78.45,901.66,1449.19,125.7,441.21,230.87,215.71,265.22,230.28,261.03,337.37,77.06,560,900,125.1,422.66,700,158.56,443.21,39.64,302.02,239.58,955.68,1157.34,256.25,237.85,351.73,894.61,1500,1500,558.74,597,1605.11,152.5,151.53,1810,134.28,133.12,456.15,857.94,202.2,900,89.47,84.98,913.2,1382.01,118.82,435.55,189.25,193.42,214.28,211.22,291.06,318.71,91.81,798.54,862.5,153.35,448.88,700,205.55,481.25,40.88,394.29,395.96,1220.93,1385.29,434.61,436.66,418,1254.7,1863.86,1655.4,1089.73,1172.38,1355.94,145,181.11,2030,251.14,255.77,503.33,955.38,350.33,975.1,205.24,241.62,1047.08,1881.46,370.91,500.25,200.64,193.21,432,407.59,494.33,460.22,230.8,1157.75,1000.82,343.45,528.33,757.5,275,421.25,37.82,258.66,192.54,789.53,1226.9,320.83,252.27,360.55,888.88,1876.03,1585.65,816.31,1010,1542.14,173.72,202.08,1722.5,139.21,123.61,600,668.87,300,954.13,96.46,102.21,876.06,1598.9,173.52,395.07,225.09,186.84,318.62,242.35,297.93,299.01,120.96,712.67,832.63,233.18,453.66,605.66,265.96,495.33,42.57,352.48,375.4,982.96,1367.3,356.25,342.22,396.55,1200,2135.83,1596.28,753.32,1000.33,1560.02,171.64,185.87,1856.66,143.45,162.39,666.66,1154.9,396.03,908.63,215.55,217.77,1002.86,2200.66,224.95,453.33,237.49,226.04,313.33,262.5,304,362.66,154.92,882.38,912.94,250.28,514.28,735.71,176.27
9/1/2019,473.08,46.15,329.78,309.64,1170,1302.6,330,304.29,309.57,1120.29,1487.69,1482.95,760,975.32,1345.05,166.67,185.83,1833.33,146.91,159.7,605.15,963.65,237.47,1158.56,136.35,139.17,1151.28,1494.16,200.71,485.71,267.93,261.34,311.83,307.11,315.7,375.47,159.6,959.72,1100.48,278.19,476.19,606.67,197.97,446,39.09,287.37,241.39,994.56,1212.5,243.33,216,315.11,1143.41,1756.27,1540.24,330.21,589.31,1320.15,136.67,162,1850,152.88,168.61,507.88,980,248.24,987.37,72.7,73.55,873.33,1515.31,130.1,447.27,255.56,224.66,283.14,240.54,263.9,371.9,65.48,525,1000,169.2,447.27,676,141.62,446.79,39.64,302.9,249.58,961.51,1167.34,256.25,227.86,351.91,924.62,1478.29,1500.03,550,600,1580,162.5,171.67,2000.31,168.4,133.13,466.15,884.62,182.2,900.85,89.88,85,900.15,1365.89,108.82,436,185.26,187.92,256.34,251.23,303.25,322.35,101.82,771.27,902.5,193.36,431.52,700.18,195.85,445,40.75,394.54,394.85,1236.31,1352.59,434.62,400,421.33,1278.34,1883.52,1688.49,1092.33,1147.95,1389.1,142.86,178.13,2200,240.79,242.26,466.67,950.38,360,952.1,281.96,276.92,1089.55,1857.89,348.03,533.33,204.26,195.2,517.54,433.73,497.64,558.82,197.26,1208.86,1076.34,311.89,497.62,721.11,282.28,412.5,38.24,257.5,207.65,783.81,1235.57,333.33,253.33,375,850,1829.52,1542.89,789.3,1000.31,1484.39,172.03,200.13,1923.04,125,125,600.01,719.44,276.45,949.66,93.38,97.79,896.55,1586.81,148.63,388.15,212.04,186.58,321.02,280.32,324.03,326.49,113.76,759.62,854.5,205.31,435.69,607.14,285.72,485.71,42.46,346.26,367.72,1069.07,1372.95,361.54,363.53,399.02,1150,2108.15,1576.19,700,1066.67,1524.36,180,195,2033.16,135.83,153.79,654.29,1088.89,354.76,915.45,211.4,221.3,1006.25,2200.01,209.6,459.75,298.67,200.18,319.17,258.52,344,384.44,171.61,836.01,900.25,250.27,490.77,730,209.63
10/1/2019,470.44,45.14,333.77,310.34,1189.17,1328.12,310,348.75,358.33,1176.32,1504.04,1445.18,812.34,1000,1415.06,165,187,1850,147.49,156.23,646.67,1015.71,260.18,1182.88,131.13,130.87,1210,1515.65,207.14,466.67,277.44,256.46,315.11,312.42,356.67,402.93,171.36,1000.43,1152.08,252.15,482.05,600.64,138.94,454.44,39.09,251.9,222.25,983.33,1215.7,270,238.75,327.99,1200,1810,1554.1,333.18,594.61,1332.03,140,171.82,1900,152.72,173,502.86,989.29,190.39,1000,73.12,76.35,841.67,1495.83,115.74,483.34,214.29,226.68,296.64,254.2,283.34,401.54,101.43,500,980.58,168.71,491.43,687.5,160.2,448.75,37.19,313.86,289.22,927.52,1229.32,245.38,277.06,327.28,922.22,1430.28,1485.02,500,670,1533.33,144.44,161.33,2450,166.82,153.41,457.92,900,200.73,930,107.05,96.83,866.67,1300,139.62,450.67,200,207.69,255.14,286.35,360,324.91,104.97,770,900.56,200.99,471.43,700.33,179.37,446.88,40.8,362.34,351.76,1195.53,1398.53,404.17,412.5,429.93,1251.3,1912.42,1643.66,1134.2,1204.08,1403.37,141.67,176.25,2166.67,259.02,276.29,466.67,1012.88,376.88,918.21,219.64,200.96,1120.66,1878.28,311.67,535.45,217.04,206.66,517.64,437.78,498.5,559.21,203.24,1183.35,1029.72,354.02,499.67,730,329.45,427,37.75,257.51,219.58,812.04,1263.75,318.18,250,381.11,840,1773.61,1518.23,750,970,1438.34,170,199,1875,140.79,114.66,622.22,750.14,247.78,917.86,96.12,104.24,903.23,1560,189.87,411.33,182.2,141.21,359.3,307.09,352.63,320.21,113.21,750,883.33,165.35,440.66,614.62,264.03,501.55,43,315.14,326.4,1103.51,1408.59,356.15,325,402.21,1200,2088.28,1520,750.59,1100,1522.18,181.44,190.48,2071.88,149.33,164.88,633.34,1131.06,342.64,918.17,221,223.11,1014.3,2257.95,219.42,457.97,238.1,195.14,325,269.62,350.32,417.6,132.97,842.69,970.88,306.62,478.26,727.27,189.41
11/1/2019,488,42,337.92,282.08,1094.63,1332.65,350,378.57,333.33,1222.52,1606.24,1367.67,850,1033.33,1461.11,160,177.78,1900,173.52,177.25,638.1,1056.11,307.89,1177.47,136.73,132.12,1131.78,1582.43,226.76,474.07,208.51,282.22,403.55,349.5,408.33,482.39,180.59,1060.61,1180,211.35,500,585,208.64,435,38.18,258.57,224.04,941.96,1211.43,278.18,244.62,379.38,1225,1891.67,1583.25,400,650,1450,145,173.82,1950.26,159.45,180.71,489.23,1016.67,204.73,1100,77.97,77.14,875,1525.2,99.96,453.33,263.64,220,382.61,321.42,249.14,459.13,89.25,750,1025,141.08,486.36,700,173.38,466.43,40.71,306.24,252.24,888.9,1196.14,236.25,257,301.09,873.33,1453.85,1500,500,707.14,1500,150,163.85,2400,144.14,172.48,497.33,875,199.85,950,104.49,96.76,919.05,1250,121.59,480,200,210,244.68,263.47,322,356.31,79.04,777.71,900,239.13,466.67,700,215.91,430,40.33,400.05,357.54,1206.55,1415.02,441.67,441.67,475,1298.24,1999.28,1617.89,1236.99,1212.05,1549.99,138,180.67,1994.29,264.18,275.51,466.67,1286.87,329.17,958.88,260.19,257.49,1136.29,1800.51,283.32,480.54,247.44,196.48,554.71,455.29,502.82,592.57,251.69,1259.3,961.49,362.09,503.08,747.14,393.79,429.52,37.5,299,230.92,829.34,1214.24,330.77,255,372.65,879.52,1688.93,1592.03,780,950,1515.24,174.54,205.5,1816.67,122.33,136.05,632,740.34,245,928.34,104.63,101.25,961.03,1607.62,207.59,452,176.62,145.82,394.12,345.74,353.53,350.73,124.26,809.09,832.84,201.91,474,626.92,270,527.59,47.5,316.19,352.65,1041.96,1500,345.83,302.14,510.64,1300,2250,1530.64,800,1108.53,1666.67,170,189.6,1989.47,145.98,178.7,701.44,1138.98,418.75,990.47,214.21,217.54,1021.4,2313.33,194.01,456.79,216.23,200.07,450.87,400.77,426,497.14,107.06,848.59,952.01,349.64,488.89,730,200.34
12/1/2019,475.38,40,330.43,283.19,1100.88,1314.38,330,360,353.44,1250,1555.98,1405.38,850,1050,1463.64,170,186.43,1925.5,183.61,209.6,600,1046.1,275.24,1154.65,149.63,125.74,1150,1557.04,206.31,488.89,228.53,292.86,382.6,348.22,392.58,480.98,210.4,1050,1155.88,226.6,515.56,557.14,184.01,434.81,37.2,266.9,238.35,935.23,1194.91,274.5,242.17,377.39,1239.43,1904,1600.22,400.58,670,1450.58,142,170.7,1925,155.68,178.73,491.67,979.44,229.62,1120,80.39,81.22,852.38,1498.62,130.16,455.38,241.67,233.33,395.86,325.22,268.33,467.68,98.65,780.67,986.48,150.93,483.56,712.5,172.93,467.62,39.95,283.39,253.5,864.8,1161.36,257.69,246.84,273.41,890,1450.85,1500,500,700,1500,133.33,162.53,2366.67,137.36,177.76,514.59,883.33,190.64,964.62,92.18,100.84,920,1250,155,452.73,200,210.5,250,236.57,300,394.7,70.08,761.39,900,274.07,504.62,725,236.37,430.58,40.26,405.56,358.83,1234.11,1404.21,427.27,398.45,500,1300.39,1952.45,1585.48,1224.93,1255.96,1554.06,140,183.57,2016.67,246.88,250.49,466.67,1277.76,326.25,971.72,269.39,277.57,1117.65,1834.12,299.96,462.86,206.37,194.41,579.66,484.27,530.95,595.5,219.75,1220.27,1003.47,376.68,521.11,752.86,402.72,415,36.79,284.05,224.51,798.94,1225.05,319.44,253.57,402.65,902.38,1705.26,1610.58,780,950,1538.72,170,202,1795,117.92,127.08,613.33,697.88,260,953.56,143.95,110.29,976.67,1617.95,229.22,420,156.62,176.63,351.22,358.7,350.53,364.12,89.21,794.29,797.49,212.62,509.17,640,308.95,515.9,43.53,319.09,324.35,1055.15,1523.82,361.82,312.5,513.7,1340,2287.88,1542.89,833.33,1136.67,1700.41,171.02,186.67,1973.53,144.59,168.47,733.33,1169.29,418.97,964.06,243.75,247.73,1029.57,2333.33,235.41,463.77,212.04,220.27,458,398.5,436.67,506.36,136.89,863.16,959.63,357.26,500.67,735.62,212.17
1/1/2020,475.4,40.1,314.19,241.35,1097.92,1318.08,331.18,360.21,354.26,1261.14,1598.7,1459.4,848.65,998.57,1501.82,169.37,184.78,1975,182.13,207.8,594.87,1065.71,286.8,1156.9,122.59,120.83,1146.12,1603.94,200.66,437.22,256.82,250.97,381.18,346.11,392.16,480.41,230.67,1030,1157.55,230.19,522.92,560.67,185.93,443.85,38.47,248.04,237.93,925.64,1203.85,271.11,240,389.29,1191.86,1885.62,1602.37,402.38,670.53,1453.51,145,171.69,1900.58,143.17,165.33,495.79,984.55,235.03,1125.86,73.91,75.21,891.18,1500.63,135.42,443.64,225.16,202.22,392.03,315.87,263.29,461.47,95.32,765.34,944.29,131.43,500,705,157.93,441.43,37.79,246.67,241.2,867.68,1173.43,243.75,260,312.76,889.23,1443.25,1490.16,475,701.29,1489.03,145.03,176.43,2300,152.78,180.62,509.52,892.04,193.01,953.85,105.76,112.48,938.46,1300.16,166.84,415.38,198.08,201.89,275.86,241.73,301.38,394.86,75.23,741.43,903.48,272.83,450.48,728.03,204.2,433.33,40.86,400.11,354.74,1273.08,1431.71,429.17,400,475.24,1332.25,1977.11,1588.09,1228.71,1240.66,1497.04,150,184.67,2070,247.52,251.49,437.5,1220.08,312.64,945.31,285.16,295.62,1087.18,1819.13,300.01,428.89,238,208.94,549.72,463.76,481.71,602.77,226.3,1258.23,1043.19,348.84,516.42,742.86,428.45,411.25,36.58,246,232.81,807.92,1238.19,319.09,257.5,411,871.15,1680.29,1595.02,759.03,960.15,1474.36,169.02,203.33,1758.33,124.31,128.06,647.62,658.04,225,963.55,95.39,98.84,914.43,1575.21,200.24,422.96,152.75,178.73,301.14,344.02,383.48,363.27,89.02,766.67,770.32,167.81,544.31,643.85,273.22,506.9,43,302.52,300.45,1074.39,1480.35,362.5,325,513.97,1364.24,2264.44,1513.46,800.58,1200,1754.7,170,189.31,1930,150.87,172.89,702.31,1166.67,367.2,1029.86,245.74,237.31,1016.85,2265.57,237.47,444.6,246.37,241.25,450.86,323.41,420.14,495.27,144.2,869.57,900.07,301.12,515.56,755,197.46
2/1/2020,471.03,40,301.43,224.64,1048.59,1264.12,326.92,313.64,366.67,1198.05,1547.73,1480.25,795,953.33,1495.85,160,178.24,1950,147.7,150.63,566.67,1022.44,261.86,1102.59,122.43,118.76,1106.26,1580.95,216.37,442.22,280.12,259.55,383.81,351.48,400.11,474.53,202.9,1003.08,1096.87,197.87,533.33,600.15,168.63,410,38.22,225,224.56,946.54,1216.19,267.78,251.54,380,1158.26,1850,1560.23,400.15,666.89,1383.33,140,170,1850,147.54,160.23,451.67,962.5,200.19,1100.25,89.28,90.48,833.33,1442.51,114.34,458.18,200.13,199.03,364.13,325.13,272.22,436.17,105.9,721.33,900,112.62,491.3,740,140.35,440,,211.54,198.55,907.78,1173.33,233.33,208.33,269.96,890,1450.8,1500,500,700,1500,140,164.29,2250,163.71,191.46,544.44,860,188.94,900,127.76,146.26,920,1276.92,206.39,464.44,233.33,200,206.9,286.55,281.38,351.08,61.14,780,850,260.13,511.11,725,126.82,430.14,40,421.04,378.05,1276.68,1447.58,431.82,400,472.7,1318.72,1957.3,1536.59,1233.8,1253.26,1454.67,152,181.54,2107.5,270.03,261.33,450.26,1205.35,315.17,939.62,292.49,310.34,1065.72,1767.51,345.07,429.05,209.57,195.54,530.9,457.82,480.38,577.6,221.93,1239.42,987.86,400.13,517.69,746.43,421.39,409.47,38.06,226.3,189.83,725.22,1158.55,322.73,259.38,377.1,845.74,1675.47,1600,800,1010,1566.67,172.72,194.44,1698,107.5,113.6,636.67,708.83,250,927.43,102.5,103.44,980,1531.75,247.21,397.89,163.8,143.6,324.36,291.33,433.87,406.47,69.74,700,724.39,216.65,605.19,629,329.82,461.72,40,293.1,288.77,1083.6,1487.18,352,316.67,517.57,1305.36,2220,1485.55,785.75,1200.85,1700.7,171.19,189.64,1878.33,162.9,185.74,683.33,1155.85,359.52,989.44,234.87,228.08,1023.96,2296.46,265.24,466.67,244.94,243.3,442.31,319.7,416.67,501.33,146.55,875.65,884.92,293.17,495.17,754.55,189.91
3/1/2020,444.62,40,285.79,232.31,1096.4,1240.41,322.22,294.44,326.67,1155.38,1491.14,1509.12,800,940,1464.29,140,180,1920,151.73,147.47,610.26,980.05,302.99,1090.77,131.32,128.58,1138.46,1567.59,203.87,491.76,322.69,255.08,333.33,296.3,400,472.68,211.98,985,1124.62,215.98,537.25,683.33,187.97,450,41,187.46,212.4,944.44,1185.71,238.33,262.5,345,1125.88,1866.67,1540,390,635,1355,160,179.17,1790,149.45,148.22,468.72,911.11,197.05,1095.28,89.95,91.6,857.14,1469.64,115.45,448.21,207.77,214.81,378.05,325.22,316.03,385.09,94.44,756.32,950,96.28,451.28,766.67,131.62,415,36,239.49,142.91,880.98,1142.08,212.5,200,282.04,889.74,1448.29,1496.71,500,700,1496.33,136.67,161.67,2300,141.76,199.76,511.52,878.35,250.48,858,98.11,101.36,926.11,1275.53,196.2,496.97,209.87,204.08,242.55,259.13,294.11,383.42,68.94,716.67,800,229.7,452.22,726.01,158.68,441.43,40,455.87,405.28,1218.99,1487.39,400,409.09,484.13,1258.44,1931.06,1576.19,1224.94,1275.24,1388.79,150,185,2125,305.21,294.65,466.67,1257.43,330.56,958.49,287.83,304.86,1098.61,1737.05,378.01,438.1,239.28,189.95,546.74,454.74,517.23,601.16,243.74,1205.2,924.66,397.49,485.71,788.3,417.64,425.71,36.39,222.94,174.81,700.45,1206.68,321.43,262.5,400,900,1679.31,1650,850,1028,1581.9,175,197.5,1650,111.57,119.01,648.53,646.48,250,985.15,117.13,120.37,950,1600,209.82,395.83,174.91,175.2,297.88,315.92,450,400,76.62,670,665.88,202.26,610.2,571.11,380.35,504.64,43,283.85,280.65,1105.56,1474.87,350,294.11,505,1300,2196.24,1502.59,800,1270,1756.46,170,188.75,1906.67,167.05,208.13,640,1106.06,350.2,1017.47,241.87,237.92,1050.5,2254.62,298.87,434.67,231.7,209.32,396.96,268.87,398,473.33,159.29,850.5,903.57,308.18,517.33,763.64,143.51
4/1/2020,433.75,41.92,291.49,241.26,1085.01,1234.27,316.25,307.14,335.16,1106.32,1423.72,1437.04,711.03,926.67,1487.88,145,188.82,1875,159.6,146.57,585,949.21,268.75,1055.25,131.77,121.06,1053.85,1546.21,158.65,496.3,255.65,231.26,369.35,297.4,383.33,449.25,183.97,977.27,1099.81,219.1,541.67,689.75,144.34,447.69,40,196.33,218.46,950,1214.29,238.57,226,357.7,1107.89,1814.29,1498.48,350,650,1360.23,165,180.17,1766.67,167.16,166.9,460.13,915.56,206,1083.33,94.6,93.42,820.29,1437.39,118.19,443.33,209.82,228.57,332.75,331.88,313.79,391.45,106.22,748.5,914.6,125.11,453.33,770.89,160.76,466.67,39.33,265.13,184.7,969.93,1238.02,275,247.69,325.06,950,1500,1510.03,550,766.67,1551.45,150,187.14,2350,183.33,206.23,576,907.14,283.89,900.85,132.88,118.01,953.85,1286.25,197.82,479.05,255,211.12,303.57,338.42,310.34,430.89,87.12,756.44,870,249.12,524.76,735.15,223.36,538.13,44.75,455.92,410.86,1309.96,1507.74,446.15,425,505.24,1262.54,1943.79,1623.9,1280.98,1345.58,1467.66,153.33,187.5,2166.67,325.48,345.48,523.33,1238.83,347.5,996.09,307.29,353.32,1174.98,1809.36,345.12,500.46,240.85,218.45,591.17,530.88,580,659.64,244.57,1283,1002.96,462.22,502.86,802.5,437.13,422.67,38.93,265.89,207.26,786.22,1284.18,331.82,278.33,430.15,975,1749.79,1700,900,1070,1642.86,185,203.85,1700,187.7,193.46,689.33,716.38,265,1026.93,151.85,158.54,995.13,1666.67,196.36,462.22,235.67,198.69,354.12,360.19,519.3,483.87,100.33,714.29,723.08,300.1,638.22,637.5,451.24,544.23,45.57,299.07,286.67,1084.44,1499.49,380,316.67,509.55,1385.24,2250,1566.67,853.56,1300,1800,171.19,199.13,2003.08,173.13,209.24,725,1122.22,407.34,1060.53,248.79,251.67,1058.9,2190.18,270.95,448.21,264.58,258.96,420.48,304.08,420,523.2,160.49,857.3,975.83,326.34,533.33,766.67,192.89
